state,reg_all,parties
Arizona,True,"REP,DEM,Other,Minor"
Florida,False,"REP,DEM,None,Minor"
Iowa,True,"REP,DEM,No_Party,Minor"
Kentucky,True,"REP,DEM,Ind,Minor"
Kentucky_Dist,True,"REP,DEM,Ind,Minor"
Michigan,False,"Active"
"North Carolina",True,"REP,DEM,NONE,MINOR"
"North Carolina_Gender",True,"Male,Female"
"North Carolina_Race",True,"White,Black,Hispanic,Other"
"New Jersey",False,"REP,DEM,UNA,MINOR"
Nevada,False,"REP,DEM,Nonpartisan,Minor"
"New York",True,"REP,DEM,BLANK,MINOR"
Ohio,True,"All"
Ohio_Old,True,"REP,DEM,None,Minor"
Pennsylvania,True,"REP,DEM,None,Minor"
Texas,True,"Active"
Wisconsin,False,"All"
Wisconsin_Age,False,"18-24,25-34,35-49,50-64,65+"
