filename,url
CoJan26.pdf,https://sos.iowa.gov/elections/pdf/VRStatsArchive/2026/CoJan26.pdf
CoFeb26.pdf,https://sos.iowa.gov/elections/pdf/VRStatsArchive/2026/CoFeb26.pdf
CoMar26.pdf,https://sos.iowa.gov/elections/pdf/VRStatsArchive/2026/CoMar26.pdf
CoApr26.pdf,https://sos.iowa.gov/elections/pdf/VRStatsArchive/2026/CoApr26.pdf
CoMay26.pdf,https://sos.iowa.gov/elections/pdf/VRStatsArchive/2026/CoMay26.pdf
CoJun26.pdf,https://sos.iowa.gov/elections/pdf/VRStatsArchive/2026/CoJun26.pdf
CoJul26.pdf,https://sos.iowa.gov/elections/pdf/VRStatsArchive/2026/CoJul26.pdf
CoAug26.pdf,https://sos.iowa.gov/elections/pdf/VRStatsArchive/2026/CoAug26.pdf
CoSep26.pdf,https://sos.iowa.gov/elections/pdf/VRStatsArchive/2026/CoSep26.pdf
CoJan25.pdf,https://sos.iowa.gov/elections/pdf/VRStatsArchive/2025/CoJan25.pdf
CoFeb25.pdf,https://sos.iowa.gov/elections/pdf/VRStatsArchive/2025/CoFeb25.pdf
CoMar25.pdf,https://sos.iowa.gov/elections/pdf/VRStatsArchive/2025/CoMar25.pdf
CoApr25.pdf,https://sos.iowa.gov/elections/pdf/VRStatsArchive/2025/CoApr25.pdf
CoMay25.pdf,https://sos.iowa.gov/elections/pdf/VRStatsArchive/2025/CoMay25.pdf
CoJun25.pdf,https://sos.iowa.gov/elections/pdf/VRStatsArchive/2025/CoJun25.pdf
CoJul25.pdf,https://sos.iowa.gov/elections/pdf/VRStatsArchive/2025/CoJul25.pdf
CoAug25.pdf,https://sos.iowa.gov/elections/pdf/VRStatsArchive/2025/CoAug25.pdf
CoSep25.pdf,https://sos.iowa.gov/elections/pdf/VRStatsArchive/2025/CoSep25.pdf
CoOct25.pdf,https://sos.iowa.gov/elections/pdf/VRStatsArchive/2025/CoOct25.pdf
CoNov25.pdf,https://sos.iowa.gov/elections/pdf/VRStatsArchive/2025/CoNov25.pdf
CoDec25.pdf,https://sos.iowa.gov/elections/pdf/VRStatsArchive/2025/CoDec25.pdf
CoJan24.pdf,https://sos.iowa.gov/elections/pdf/VRStatsArchive/2024/CoJan24.pdf
CoFeb24.pdf,https://sos.iowa.gov/elections/pdf/VRStatsArchive/2024/CoFeb24.pdf
CoMar24.pdf,https://sos.iowa.gov/elections/pdf/VRStatsArchive/2024/CoMar24.pdf
CoApr24.pdf,https://sos.iowa.gov/elections/pdf/VRStatsArchive/2024/CoApr24.pdf
CoMay24.pdf,https://sos.iowa.gov/elections/pdf/VRStatsArchive/2024/CoMay24.pdf
CoJun24.pdf,https://sos.iowa.gov/elections/pdf/VRStatsArchive/2024/CoJun24.pdf
CoJul24.pdf,https://sos.iowa.gov/elections/pdf/VRStatsArchive/2024/CoJul24.pdf
CoAug24.pdf,https://sos.iowa.gov/elections/pdf/VRStatsArchive/2024/CoAug24.pdf
CoSep24.pdf,https://sos.iowa.gov/elections/pdf/VRStatsArchive/2024/CoSep24.pdf
CoOct24.pdf,https://sos.iowa.gov/elections/pdf/VRStatsArchive/2024/CoOct24.pdf
CoNov24.pdf,https://sos.iowa.gov/elections/pdf/VRStatsArchive/2024/CoNov24.pdf
CoDec24.pdf,https://sos.iowa.gov/elections/pdf/VRStatsArchive/2024/CoDec24.pdf
CoJan23.pdf,https://sos.iowa.gov/elections/pdf/VRStatsArchive/2023/CoJan23.pdf
CoFeb23.pdf,https://sos.iowa.gov/elections/pdf/VRStatsArchive/2023/CoFeb23.pdf
CoMar23.pdf,https://sos.iowa.gov/elections/pdf/VRStatsArchive/2023/CoMar23.pdf
CoApr23.pdf,https://sos.iowa.gov/elections/pdf/VRStatsArchive/2023/CoApr23.pdf
CoMay23.pdf,https://sos.iowa.gov/elections/pdf/VRStatsArchive/2023/CoMay23.pdf
CoJun23.pdf,https://sos.iowa.gov/elections/pdf/VRStatsArchive/2023/CoJun23.pdf
CoJul23.pdf,https://sos.iowa.gov/elections/pdf/VRStatsArchive/2023/CoJul23.pdf
CoAug23.pdf,https://sos.iowa.gov/elections/pdf/VRStatsArchive/2023/CoAug23.pdf
CoSep23.pdf,https://sos.iowa.gov/elections/pdf/VRStatsArchive/2023/CoSep23.pdf
CoOct23.pdf,https://sos.iowa.gov/elections/pdf/VRStatsArchive/2023/CoOct23.pdf
CoNov23.pdf,https://sos.iowa.gov/elections/pdf/VRStatsArchive/2023/CoNov23.pdf
CoDec23.pdf,https://sos.iowa.gov/elections/pdf/VRStatsArchive/2023/CoDec23.pdf
CoJan22.pdf,https://sos.iowa.gov/elections/pdf/VRStatsArchive/2022/CoJan22.pdf
CoFeb22.pdf,https://sos.iowa.gov/elections/pdf/VRStatsArchive/2022/CoFeb22.pdf
CoMar22.pdf,https://sos.iowa.gov/elections/pdf/VRStatsArchive/2022/CoMar22.pdf
CoApr22.pdf,https://sos.iowa.gov/elections/pdf/VRStatsArchive/2022/CoApr22.pdf
CoMay22.pdf,https://sos.iowa.gov/elections/pdf/VRStatsArchive/2022/CoMay22.pdf
CoJun22.pdf,https://sos.iowa.gov/elections/pdf/VRStatsArchive/2022/CoJun22.pdf
CoJul22.pdf,https://sos.iowa.gov/elections/pdf/VRStatsArchive/2022/CoJul22.pdf
CoAug22.pdf,https://sos.iowa.gov/elections/pdf/VRStatsArchive/2022/CoAug22.pdf
CoSep22.pdf,https://sos.iowa.gov/elections/pdf/VRStatsArchive/2022/CoSep22.pdf
CoOct22.pdf,https://sos.iowa.gov/elections/pdf/VRStatsArchive/2022/CoOct22.pdf
CoNov22.pdf,https://sos.iowa.gov/elections/pdf/VRStatsArchive/2022/CoNov22.pdf
CoDec22.pdf,https://sos.iowa.gov/elections/pdf/VRStatsArchive/2022/CoDec22.pdf
CoJan21.pdf,https://sos.iowa.gov/elections/pdf/VRStatsArchive/2021/CoJan21.pdf
CoFeb21.pdf,https://sos.iowa.gov/elections/pdf/VRStatsArchive/2021/CoFeb21.pdf
CoMar21.pdf,https://sos.iowa.gov/elections/pdf/VRStatsArchive/2021/CoMar21.pdf
CoApr21.pdf,https://sos.iowa.gov/elections/pdf/VRStatsArchive/2021/CoApr21.pdf
CoMay21.pdf,https://sos.iowa.gov/elections/pdf/VRStatsArchive/2021/CoMay21.pdf
CoJun21.pdf,https://sos.iowa.gov/elections/pdf/VRStatsArchive/2021/CoJun21.pdf
CoJul21.pdf,https://sos.iowa.gov/elections/pdf/VRStatsArchive/2021/CoJul21.pdf
CoAug21.pdf,https://sos.iowa.gov/elections/pdf/VRStatsArchive/2021/CoAug21.pdf
CoSep21.pdf,https://sos.iowa.gov/elections/pdf/VRStatsArchive/2021/CoSep21.pdf
CoOct21.pdf,https://sos.iowa.gov/elections/pdf/VRStatsArchive/2021/CoOct21.pdf
CoNov21.pdf,https://sos.iowa.gov/elections/pdf/VRStatsArchive/2021/CoNov21.pdf
CoDec21.pdf,https://sos.iowa.gov/elections/pdf/VRStatsArchive/2021/CoDec21.pdf
CoJan20.pdf,https://sos.iowa.gov/elections/pdf/VRStatsArchive/2020/CoJan20.pdf
CoFeb20.pdf,https://sos.iowa.gov/elections/pdf/VRStatsArchive/2020/CoFeb20.pdf
CoMar20.pdf,https://sos.iowa.gov/elections/pdf/VRStatsArchive/2020/CoMar20.pdf
CoApril20.pdf,https://sos.iowa.gov/elections/pdf/VRStatsArchive/2020/CoApril20.pdf
CoMay20.pdf,https://sos.iowa.gov/elections/pdf/VRStatsArchive/2020/CoMay20.pdf
CoJune20.pdf,https://sos.iowa.gov/elections/pdf/VRStatsArchive/2020/CoJune20.pdf
CoJuly20.pdf,https://sos.iowa.gov/elections/pdf/VRStatsArchive/2020/CoJuly20.pdf
CoAug20.pdf,https://sos.iowa.gov/elections/pdf/VRStatsArchive/2020/CoAug20.pdf
CoSept20.pdf,https://sos.iowa.gov/elections/pdf/VRStatsArchive/2020/CoSept20.pdf
CoOct20.pdf,https://sos.iowa.gov/elections/pdf/VRStatsArchive/2020/CoOct20.pdf
CoNov20.pdf,https://sos.iowa.gov/elections/pdf/VRStatsArchive/2020/CoNov20.pdf
CoDec20.pdf,https://sos.iowa.gov/elections/pdf/VRStatsArchive/2020/CoDec20.pdf
CoJan19.pdf,https://sos.iowa.gov/elections/pdf/VRStatsArchive/2019/CoJan19.pdf
CoFeb19.pdf,https://sos.iowa.gov/elections/pdf/VRStatsArchive/2019/CoFeb19.pdf
CoMar19.pdf,https://sos.iowa.gov/elections/pdf/VRStatsArchive/2019/CoMar19.pdf
CoApril19.pdf,https://sos.iowa.gov/elections/pdf/VRStatsArchive/2019/CoApril19.pdf
CoMay19.pdf,https://sos.iowa.gov/elections/pdf/VRStatsArchive/2019/CoMay19.pdf
CoJune19.pdf,https://sos.iowa.gov/elections/pdf/VRStatsArchive/2019/CoJune19.pdf
CoJuly19.pdf,https://sos.iowa.gov/elections/pdf/VRStatsArchive/2019/CoJuly19.pdf
CoAug19.pdf,https://sos.iowa.gov/elections/pdf/VRStatsArchive/2019/CoAug19.pdf
CoSept19.pdf,https://sos.iowa.gov/elections/pdf/VRStatsArchive/2019/CoSept19.pdf
CoOct19.pdf,https://sos.iowa.gov/elections/pdf/VRStatsArchive/2019/CoOct19.pdf
CoNov19.pdf,https://sos.iowa.gov/elections/pdf/VRStatsArchive/2019/CoNov19.pdf
CoDec19.pdf,https://sos.iowa.gov/elections/pdf/VRStatsArchive/2019/CoDec19.pdf
CoJan18.pdf,https://sos.iowa.gov/elections/pdf/VRStatsArchive/2018/CoJan18.pdf
CoFeb18.pdf,https://sos.iowa.gov/elections/pdf/VRStatsArchive/2018/CoFeb18.pdf
CoMar18.pdf,https://sos.iowa.gov/elections/pdf/VRStatsArchive/2018/CoMar18.pdf
CoApril18.pdf,https://sos.iowa.gov/elections/pdf/VRStatsArchive/2018/CoApril18.pdf
CoMay18.pdf,https://sos.iowa.gov/elections/pdf/VRStatsArchive/2018/CoMay18.pdf
CoJune18.pdf,https://sos.iowa.gov/elections/pdf/VRStatsArchive/2018/CoJune18.pdf
CoJuly18.pdf,https://sos.iowa.gov/elections/pdf/VRStatsArchive/2018/CoJuly18.pdf
CoAug18.pdf,https://sos.iowa.gov/elections/pdf/VRStatsArchive/2018/CoAug18.pdf
CoSept18.pdf,https://sos.iowa.gov/elections/pdf/VRStatsArchive/2018/CoSept18.pdf
CoOct18.pdf,https://sos.iowa.gov/elections/pdf/VRStatsArchive/2018/CoOct18.pdf
CoNov18.pdf,https://sos.iowa.gov/elections/pdf/VRStatsArchive/2018/CoNov18.pdf
CoDec18.pdf,https://sos.iowa.gov/elections/pdf/VRStatsArchive/2018/CoDec18.pdf
CoJan17.pdf,https://sos.iowa.gov/elections/pdf/VRStatsArchive/2017/CoJan17.pdf
CoFeb17.pdf,https://sos.iowa.gov/elections/pdf/VRStatsArchive/2017/CoFeb17.pdf
CoMar17.pdf,https://sos.iowa.gov/elections/pdf/VRStatsArchive/2017/CoMar17.pdf
CoApril17.pdf,https://sos.iowa.gov/elections/pdf/VRStatsArchive/2017/CoApril17.pdf
CoMay17.pdf,https://sos.iowa.gov/elections/pdf/VRStatsArchive/2017/CoMay17.pdf
CoJune17.pdf,https://sos.iowa.gov/elections/pdf/VRStatsArchive/2017/CoJune17.pdf
CoJuly17.pdf,https://sos.iowa.gov/elections/pdf/VRStatsArchive/2017/CoJuly17.pdf
CoAug17.pdf,https://sos.iowa.gov/elections/pdf/VRStatsArchive/2017/CoAug17.pdf
CoSept17.pdf,https://sos.iowa.gov/elections/pdf/VRStatsArchive/2017/CoSept17.pdf
CoOct17.pdf,https://sos.iowa.gov/elections/pdf/VRStatsArchive/2017/CoOct17.pdf
CoNov17.pdf,https://sos.iowa.gov/elections/pdf/VRStatsArchive/2017/CoNov17.pdf
CoDec17.pdf,https://sos.iowa.gov/elections/pdf/VRStatsArchive/2017/CoDec17.pdf
CoJan16.pdf,https://sos.iowa.gov/elections/pdf/VRStatsArchive/2016/CoJan16.pdf
CoFeb16.pdf,https://sos.iowa.gov/elections/pdf/VRStatsArchive/2016/CoFeb16.pdf
CoMar16.pdf,https://sos.iowa.gov/elections/pdf/VRStatsArchive/2016/CoMar16.pdf
CoApril16.pdf,https://sos.iowa.gov/elections/pdf/VRStatsArchive/2016/CoApril16.pdf
CoMay16.pdf,https://sos.iowa.gov/elections/pdf/VRStatsArchive/2016/CoMay16.pdf
CoJune16.pdf,https://sos.iowa.gov/elections/pdf/VRStatsArchive/2016/CoJune16.pdf
CoJuly16.pdf,https://sos.iowa.gov/elections/pdf/VRStatsArchive/2016/CoJuly16.pdf
CoAug16.pdf,https://sos.iowa.gov/elections/pdf/VRStatsArchive/2016/CoAug16.pdf
CoSept16.pdf,https://sos.iowa.gov/elections/pdf/VRStatsArchive/2016/CoSept16.pdf
CoOct16.pdf,https://sos.iowa.gov/elections/pdf/VRStatsArchive/2016/CoOct16.pdf
CoNov16.pdf,https://sos.iowa.gov/elections/pdf/VRStatsArchive/2016/CoNov16.pdf
CoDec16.pdf,https://sos.iowa.gov/elections/pdf/VRStatsArchive/2016/CoDec16.pdf
CoJan15.pdf,https://sos.iowa.gov/elections/pdf/VRStatsArchive/2015/CoJan15.pdf
CoFeb15.pdf,https://sos.iowa.gov/elections/pdf/VRStatsArchive/2015/CoFeb15.pdf
CoMar15.pdf,https://sos.iowa.gov/elections/pdf/VRStatsArchive/2015/CoMar15.pdf
CoApril15.pdf,https://sos.iowa.gov/elections/pdf/VRStatsArchive/2015/CoApril15.pdf
CoMay15.pdf,https://sos.iowa.gov/elections/pdf/VRStatsArchive/2015/CoMay15.pdf
CoJune15.pdf,https://sos.iowa.gov/elections/pdf/VRStatsArchive/2015/CoJune15.pdf
CoJuly15.pdf,https://sos.iowa.gov/elections/pdf/VRStatsArchive/2015/CoJuly15.pdf
CoAug15.pdf,https://sos.iowa.gov/elections/pdf/VRStatsArchive/2015/CoAug15.pdf
CoSept15.pdf,https://sos.iowa.gov/elections/pdf/VRStatsArchive/2015/CoSept15.pdf
CoOct15.pdf,https://sos.iowa.gov/elections/pdf/VRStatsArchive/2015/CoOct15.pdf
CoNov15.pdf,https://sos.iowa.gov/elections/pdf/VRStatsArchive/2015/CoNov15.pdf
CoDec15.pdf,https://sos.iowa.gov/elections/pdf/VRStatsArchive/2015/CoDec15.pdf
