Year,Date,County,Total,REP,DEM,Americans ,Green,Libertarian,Other,No Labels
2014,2014-01-02,Apache,47256,7704,26941,1.0,0.0,153,12457,
2014,2014-11-04,Apache,46181,7267,26351,4.0,0.0,148,12411,
2015,2015-01-02,Apache,46693,7350,26744,5.0,33.0,143,12418,
2015,2015-04-01,Apache,46888,7400,26681,5.0,34.0,142,12626,
2015,2015-07-01,Apache,47181,7466,26680,0.0,35.0,143,12857,
2015,2015-10-01,Apache,47535,7544,26747,5.0,34.0,147,13058,
2016,2016-01-02,Apache,47819,7659,26780,0.0,34.0,143,13203,
2016,2016-03-01,Apache,48082,7893,26784,0.0,34.0,144,13227,
2016,2016-05-01,Apache,48587,8142,27583,,39.0,142,12681,
2016,2016-08-30,Apache,47648,8070,27114,,42.0,145,12277,
2016,2016-11-08,Apache,48240,8241,27638,,53.0,160,12148,
2017,2017-01-02,Apache,49475,8534,28363,,55.0,162,12361,
2017,2017-04-01,Apache,50091,8701,28711,,55.0,159,12465,
2017,2017-07-01,Apache,50248,8742,28706,,55.0,157,12588,
2017,2017-10-01,Apache,50470,8803,28787,,55.0,152,12673,
2018,2018-01-02,Apache,50510,8796,28783,,55.0,151,12725,
2018,2018-03-01,Apache,50617,8825,28771,,55.0,154,12812,
2018,2018-08-28,Apache,48361,8554,27385,,46.0,147,12229,
2018,2018-11-06,Apache,49800,8960,28223,,47.0,154,12416,
2019,2019-01-02,Apache,50822,9236,28791,,50.0,153,12592,
2019,2019-04-01,Apache,50320,9181,28468,,49.0,152,12470,
2019,2019-07-01,Apache,50563,9295,28525,,53.0,157,12533,
2019,2019-10-01,Apache,51053,9481,28704,,54.0,154,12660,
2020,2020-01-02,Apache,51219,9589,28734,,0.0,161,12735,
2020,2020-03-17,Apache,51285,9728,28776,,0.0,164,12617,
2020,2020-04-01,Apache,49003,9335,27632,,,164,11872,
2020,2020-08-04,Apache,49179,9496,27586,,,174,11923,
2020,2020-11-03,Apache,51906,10241,28531,,,205,12929,
2021,2021-01-02,Apache,53119,10517,29047,,,214,13341,
2021,2021-04-01,Apache,52976,10542,28886,,,207,13341,
2021,2021-07-01,Apache,52594,10473,28631,,,206,13284,
2021,2021-10-01,Apache,52516,10518,28453,,,208,13337,
2022,2022-01-02,Apache,51942,10336,28160,,,206,13240,
2022,2022-04-01,Apache,52135,10454,27985,,,209,13487,
2022,2022-08-02,Apache,52550,10638,27867,,,217,13828,
2022,2022-11-08,Apache,51981,10666,27625,,,219,13471,
2023,2023-01-01,Apache,52705,10875,27905,,,225,13700,
2023,2023-01-01,Apache,52705,10875,27905,,,225,13700,0.0
2023,2023-04-01,Apache,52424,10809,27688,,,227,13700,0.0
2023,2023-07-01,Apache,52297,10808,27462,,,225,13773,29.0
2023,2023-10-01,Apache,52017,10735,27145,,0.0,231,13809,97.0
2024,2024-01-01,Apache,51712,10720,26830,,15.0,229,13792,126.0
2024,2024-03-19,Apache,51077,10579,26444,,17.0,229,13679,129.0
2024,2024-04-01,Apache,51126,10649,26432,,17.0,228,13658,142.0
2024,2024-07-30,Apache,52392,11176,26729,,19.0,238,14027,203.0
2024,2024-11-05,Apache,54060,11856,27343,,30.0,238,14365,228.0
2025,2025-01-02,Apache,54971,12420,27795,,41.0,225,14238,252.0
2025,2025-04-01,Apache,53882,12132,27168,,43.0,222,14046,271.0
2025,2025-07-01,Apache,53899,12175,27009,,49.0,225,14142,299.0
2025,2025-10-01,Apache,53825,12128,26930,,50.0,224,14172,321.0
2026,2026-01-01,Apache,54174,12298,26868,,51.0,240,14350,367.0
2026,2026-04-01,Apache,54914,12425,27125,,51.0,245,14659,409.0
2026,2026-07-21,Apache,53411,12149,26554,,53.0,238,13986,431.0
2014,2014-01-02,Cochise,75308,27876,20881,7.0,0.0,425,26119,
2014,2014-11-04,Cochise,68612,25463,18784,11.0,0.0,431,23923,
2015,2015-01-02,Cochise,69498,25743,18844,14.0,112.0,441,24344,
2015,2015-04-01,Cochise,69218,25582,18632,14.0,110.0,445,24435,
2015,2015-07-01,Cochise,69671,25609,18641,13.0,117.0,444,24847,
2015,2015-10-01,Cochise,70444,25796,18796,13.0,112.0,438,25289,
2016,2016-01-02,Cochise,71263,26198,18944,0.0,106.0,421,25594,
2016,2016-03-01,Cochise,71962,26795,19289,0.0,102.0,411,25365,
2016,2016-05-01,Cochise,71900,27084,19308,,106.0,421,24981,
2016,2016-08-30,Cochise,72673,27359,19546,,129.0,471,25168,
2016,2016-11-08,Cochise,75157,28296,20121,,147.0,560,26033,
2017,2017-01-02,Cochise,76290,28757,20344,,154.0,578,26457,
2017,2017-04-01,Cochise,74742,28494,19945,,150.0,568,25585,
2017,2017-07-01,Cochise,73913,28276,19687,,144.0,566,25240,
2017,2017-10-01,Cochise,74373,28460,19740,,142.0,565,25466,
2018,2018-01-02,Cochise,71162,27490,19077,,131.0,551,23913,
2018,2018-03-01,Cochise,69688,26960,18730,,130.0,546,23322,
2018,2018-08-28,Cochise,69442,26979,18589,,114.0,558,23202,
2018,2018-11-06,Cochise,70854,27590,18963,,110.0,542,23649,
2019,2019-01-02,Cochise,71135,27850,19025,,113.0,544,23603,
2019,2019-04-01,Cochise,71974,28229,19164,,114.0,544,23923,
2019,2019-07-01,Cochise,72823,28623,19323,,115.0,553,24209,
2019,2019-10-01,Cochise,73582,28949,19519,,117.0,569,24428,
2020,2020-01-02,Cochise,74720,29507,19771,,0.0,574,24868,
2020,2020-03-17,Cochise,75664,29906,20356,,0.0,572,24830,
2020,2020-04-01,Cochise,76293,30273,20646,,,574,24800,
2020,2020-08-04,Cochise,76795,30680,20416,,,610,25089,
2020,2020-11-03,Cochise,82022,32944,21521,,,741,26816,
2021,2021-01-02,Cochise,83001,33257,21679,,,749,27316,
2021,2021-04-01,Cochise,81561,32188,21339,,,744,27290,
2021,2021-07-01,Cochise,81698,32151,21274,,,737,27536,
2021,2021-10-01,Cochise,82312,32349,21203,,,728,28032,
2022,2022-01-02,Cochise,82319,32241,21071,,,733,28274,
2022,2022-04-01,Cochise,81332,31736,20770,,,705,28121,
2022,2022-08-02,Cochise,75380,29692,19225,,,619,25844,
2022,2022-11-08,Cochise,77394,30370,19423,,,642,26959,
2023,2023-01-01,Cochise,78383,30730,19504,,,669,27480,
2023,2023-01-01,Cochise,78383,30730,19504,,,669,27480,0.0
2023,2023-04-01,Cochise,76743,29985,19143,,,643,26972,0.0
2023,2023-07-01,Cochise,76985,30069,19023,,,644,27120,129.0
2023,2023-10-01,Cochise,77311,30155,18943,,0.0,650,27257,306.0
2024,2024-01-01,Cochise,75700,29624,18451,,47.0,645,26509,424.0
2024,2024-03-19,Cochise,75356,29602,18028,,49.0,655,26577,445.0
2024,2024-04-01,Cochise,76131,30058,18093,,49.0,656,26818,457.0
2024,2024-07-30,Cochise,78085,30864,18286,,59.0,660,27695,521.0
2024,2024-11-05,Cochise,82242,32950,19164,,81.0,662,28792,593.0
2025,2025-01-02,Cochise,82839,33412,19135,,91.0,661,28899,641.0
2025,2025-04-01,Cochise,82261,33308,18881,,91.0,660,28639,682.0
2025,2025-07-01,Cochise,82763,33442,18873,,93.0,676,28924,755.0
2025,2025-10-01,Cochise,83509,33689,18896,,97.0,683,29338,806.0
2026,2026-01-01,Cochise,81233,32848,18255,,91.0,668,28543,828.0
2026,2026-04-01,Cochise,81723,32897,18276,,92.0,678,28889,891.0
2026,2026-07-21,Cochise,82413,33023,18372,,102.0,684,29286,946.0
2014,2014-01-02,Coconino,67152,17635,25565,4.0,0.0,782,23166,
2014,2014-11-04,Coconino,70719,17863,26055,5.0,0.0,776,26020,
2015,2015-01-02,Coconino,71014,17893,26267,5.0,235.0,790,25824,
2015,2015-04-01,Coconino,69985,17693,25892,4.0,226.0,782,25388,
2015,2015-07-01,Coconino,69765,17583,25768,4.0,222.0,776,25412,
2015,2015-10-01,Coconino,69869,17544,25912,6.0,207.0,777,25423,
2016,2016-01-02,Coconino,69923,17618,26112,0.0,205.0,756,25232,
2016,2016-03-01,Coconino,69123,17832,27365,0.0,188.0,709,23029,
2016,2016-05-01,Coconino,71985,18682,29166,,196.0,703,23238,
2016,2016-08-30,Coconino,72709,18892,29454,,231.0,722,23410,
2016,2016-11-08,Coconino,81461,20490,32404,,292.0,866,27409,
2017,2017-01-02,Coconino,82053,20852,32642,,307.0,864,27388,
2017,2017-04-01,Coconino,82016,20911,32568,,307.0,869,27361,
2017,2017-07-01,Coconino,82092,20975,32547,,305.0,870,27395,
2017,2017-10-01,Coconino,82241,20985,32536,,305.0,853,27562,
2018,2018-01-02,Coconino,82877,21148,32688,,303.0,855,27883,
2018,2018-03-01,Coconino,82576,21086,32608,,304.0,843,27735,
2018,2018-08-28,Coconino,75583,19635,30512,,249.0,742,24445,
2018,2018-11-06,Coconino,83239,21123,33996,,279.0,794,27047,
2019,2019-01-02,Coconino,85226,21722,34884,,289.0,826,27505,
2019,2019-04-01,Coconino,84308,21557,34442,,282.0,806,27221,
2019,2019-07-01,Coconino,85166,21869,34639,,279.0,815,27564,
2019,2019-10-01,Coconino,86925,22224,35546,,271.0,835,28049,
2020,2020-01-02,Coconino,86945,22230,35787,,0.0,834,28094,
2020,2020-03-17,Coconino,84250,21673,35901,,0.0,760,25916,
2020,2020-04-01,Coconino,82389,21293,35881,,,722,24493,
2020,2020-08-04,Coconino,81968,21345,35311,,,728,24584,
2020,2020-11-03,Coconino,90669,23816,38601,,,896,27356,
2021,2021-01-02,Coconino,91598,24306,38823,,,918,27551,
2021,2021-04-01,Coconino,91784,24081,38699,,,915,28089,
2021,2021-07-01,Coconino,92025,24137,38516,,,896,28476,
2021,2021-10-01,Coconino,92717,24094,38599,,,873,29151,
2022,2022-01-02,Coconino,93323,24188,38600,,,882,29653,
2022,2022-04-01,Coconino,92664,23952,38125,,,852,29735,
2022,2022-08-02,Coconino,92988,24038,37926,,,828,30196,
2022,2022-11-08,Coconino,90829,23170,36569,,,785,30305,
2023,2023-01-01,Coconino,92076,23573,37059,,,811,30633,
2023,2023-01-01,Coconino,92076,23573,37059,,,811,30633,0.0
2023,2023-04-01,Coconino,89617,23277,36150,,,801,29389,0.0
2023,2023-07-01,Coconino,87807,22701,35334,,,769,28834,169.0
2023,2023-10-01,Coconino,87008,22536,34795,,0.0,741,28516,420.0
2024,2024-01-01,Coconino,86958,22530,34526,,146.0,751,28401,604.0
2024,2024-03-19,Coconino,84597,22362,33242,,151.0,715,27503,624.0
2024,2024-04-01,Coconino,85520,22636,33542,,155.0,720,27824,643.0
2024,2024-07-30,Coconino,84351,22397,33050,,154.0,700,27402,648.0
2024,2024-11-05,Coconino,90681,23909,35384,,197.0,723,29762,706.0
2025,2025-01-02,Coconino,93350,24711,36265,,218.0,767,30662,727.0
2025,2025-04-01,Coconino,92115,24421,35738,,213.0,753,30224,766.0
2025,2025-07-01,Coconino,92565,24479,35666,,217.0,772,30569,862.0
2025,2025-10-01,Coconino,89238,23694,34334,,213.0,755,29385,857.0
2026,2026-01-01,Coconino,87664,23413,33434,,210.0,750,28953,904.0
2026,2026-04-01,Coconino,88210,23429,33621,,220.0,777,29172,991.0
2026,2026-07-21,Coconino,86421,22901,33061,,227.0,734,28483,1015.0
2014,2014-01-02,Gila,29723,11262,10266,2.0,0.0,147,8046,
2014,2014-11-04,Gila,29472,11110,9717,2.0,0.0,160,8483,
2015,2015-01-02,Gila,29957,11311,9779,2.0,23.0,165,8677,
2015,2015-04-01,Gila,28498,10753,9361,2.0,22.0,162,8198,
2015,2015-07-01,Gila,28648,10820,9340,2.0,22.0,164,8300,
2015,2015-10-01,Gila,28765,10870,9237,2.0,22.0,167,8467,
2016,2016-01-02,Gila,29079,11041,9267,0.0,21.0,168,8582,
2016,2016-03-01,Gila,28826,11344,9136,0.0,23.0,167,8156,
2016,2016-05-01,Gila,29498,11796,9348,,24.0,171,8159,
2016,2016-08-30,Gila,28293,11559,8861,,26.0,161,7686,
2016,2016-11-08,Gila,29566,12250,9083,,34.0,178,8021,
2017,2017-01-02,Gila,30159,12483,9256,,32.0,188,8200,
2017,2017-04-01,Gila,30033,12490,9153,,32.0,188,8170,
2017,2017-07-01,Gila,30248,12603,9128,,33.0,185,8299,
2017,2017-10-01,Gila,30554,12778,9131,,32.0,182,8431,
2018,2018-01-02,Gila,30767,12903,9133,,32.0,183,8516,
2018,2018-03-01,Gila,30839,12974,9123,,31.0,180,8531,
2018,2018-08-28,Gila,28886,12298,8662,,29.0,175,7722,
2018,2018-11-06,Gila,29773,12881,8693,,27.0,179,7993,
2019,2019-01-02,Gila,29934,13073,8693,,27.0,173,7968,
2019,2019-04-01,Gila,30092,13186,8680,,27.0,178,8021,
2019,2019-07-01,Gila,30490,13405,8692,,27.0,181,8185,
2019,2019-10-01,Gila,29934,13311,8512,,31.0,177,7903,
2020,2020-01-02,Gila,30824,13744,8664,,0.0,178,8238,
2020,2020-03-17,Gila,31340,14068,8845,,0.0,184,8243,
2020,2020-04-01,Gila,31672,14305,8890,,,187,8290,
2020,2020-08-04,Gila,31590,14425,8693,,,175,8297,
2020,2020-11-03,Gila,34001,16073,8965,,,208,8755,
2021,2021-01-02,Gila,34516,16300,9057,,,210,8949,
2021,2021-04-01,Gila,34599,16234,9021,,,207,9137,
2021,2021-07-01,Gila,34889,16403,9018,,,206,9262,
2021,2021-10-01,Gila,35370,16546,9129,,,207,9488,
2022,2022-01-02,Gila,35526,16608,9074,,,208,9636,
2022,2022-04-01,Gila,35438,16546,8985,,,201,9706,
2022,2022-08-02,Gila,33027,15583,8380,,,181,8883,
2022,2022-11-08,Gila,33949,16125,8431,,,200,9193,
2023,2023-01-01,Gila,34053,16167,8420,,,215,9251,
2023,2023-01-01,Gila,34053,16167,8420,,,215,9251,0.0
2023,2023-04-01,Gila,34223,16208,8382,,,221,9412,0.0
2023,2023-07-01,Gila,34420,16293,8338,,,229,9509,51.0
2023,2023-10-01,Gila,33732,15904,8179,,0.0,221,9333,95.0
2024,2024-01-01,Gila,33641,15875,8122,,0.0,226,9280,138.0
2024,2024-03-19,Gila,33575,15949,7971,,0.0,225,9284,146.0
2024,2024-04-01,Gila,33743,16048,7963,,14.0,225,9343,150.0
2024,2024-07-30,Gila,33109,15968,7765,,21.0,207,9000,148.0
2024,2024-11-05,Gila,34653,16935,7972,,23.0,203,9338,182.0
2025,2025-01-02,Gila,35255,17296,8049,,31.0,192,9499,188.0
2025,2025-04-01,Gila,35239,17279,7959,,31.0,206,9550,214.0
2025,2025-07-01,Gila,35328,17325,7918,,33.0,221,9590,241.0
2025,2025-10-01,Gila,35483,17416,7844,,34.0,228,9687,274.0
2026,2026-01-01,Gila,35017,17158,7721,,35.0,235,9582,286.0
2026,2026-04-01,Gila,35430,17327,7735,,39.0,241,9753,335.0
2026,2026-07-21,Gila,34258,16833,7484,,38.0,232,9318,353.0
2014,2014-01-02,Graham,18136,7806,6054,1.0,0.0,60,4215,
2014,2014-11-04,Graham,17541,7454,5727,2.0,0.0,58,4300,
2015,2015-01-02,Graham,17514,7422,5699,2.0,8.0,59,4324,
2015,2015-04-01,Graham,17681,7473,5676,2.0,8.0,60,4462,
2015,2015-07-01,Graham,17664,7413,5629,2.0,8.0,61,4551,
2015,2015-10-01,Graham,17786,7446,5624,2.0,7.0,61,4646,
2016,2016-01-02,Graham,17757,7458,5587,0.0,7.0,60,4645,
2016,2016-03-01,Graham,17785,7486,5587,0.0,7.0,62,4643,
2016,2016-05-01,Graham,17934,7721,5620,,7.0,65,4521,
2016,2016-08-30,Graham,17060,7574,5331,,9.0,61,4085,
2016,2016-11-08,Graham,17806,7961,5449,,12.0,77,4307,
2017,2017-01-02,Graham,18222,8196,5562,,13.0,79,4372,
2017,2017-04-01,Graham,18281,8245,5537,,14.0,85,4400,
2017,2017-07-01,Graham,18368,8300,5535,,14.0,83,4436,
2017,2017-10-01,Graham,18414,8341,5506,,14.0,81,4472,
2018,2018-01-02,Graham,18550,8403,5515,,13.0,79,4540,
2018,2018-03-01,Graham,18602,8430,5498,,13.0,80,4581,
2018,2018-08-28,Graham,17385,8066,5076,,9.0,82,4152,
2018,2018-11-06,Graham,17906,8330,5164,,11.0,91,4310,
2019,2019-01-02,Graham,18163,8444,5242,,12.0,91,4374,
2019,2019-04-01,Graham,18273,8519,5190,,12.0,87,4465,
2019,2019-07-01,Graham,18533,8644,5210,,12.0,91,4576,
2019,2019-10-01,Graham,18943,8891,5259,,11.0,97,4685,
2020,2020-01-02,Graham,19136,8999,5268,,0.0,98,4771,
2020,2020-03-17,Graham,19134,9151,5082,,0.0,102,4799,
2020,2020-04-01,Graham,19241,9258,5078,,,97,4808,
2020,2020-08-04,Graham,18501,8913,4978,,,90,4520,
2020,2020-11-03,Graham,19851,9799,5118,,,118,4816,
2021,2021-01-02,Graham,20002,9950,5109,,,117,4826,
2021,2021-04-01,Graham,20081,9978,5062,,,119,4922,
2021,2021-07-01,Graham,20221,10028,5040,,,121,5032,
2021,2021-10-01,Graham,20322,10085,4993,,,122,5122,
2022,2022-01-02,Graham,20426,10145,4955,,,121,5205,
2022,2022-04-01,Graham,20451,10138,4925,,,117,5271,
2022,2022-08-02,Graham,19253,9647,4619,,,106,4881,
2022,2022-11-08,Graham,19487,9810,4542,,,109,5026,
2023,2023-01-01,Graham,19595,9906,4537,,,109,5043,
2023,2023-01-01,Graham,19595,9906,4537,,,109,5043,0.0
2023,2023-04-01,Graham,19740,9973,4520,,,117,5130,0.0
2023,2023-07-01,Graham,19890,10044,4517,,,113,5201,15.0
2023,2023-10-01,Graham,20091,10121,4506,,0.0,114,5308,42.0
2024,2024-01-01,Graham,20208,10168,4501,,8.0,119,5346,66.0
2024,2024-03-19,Graham,20058,10055,4398,,8.0,120,5408,69.0
2024,2024-04-01,Graham,20209,10140,4396,,9.0,120,5474,70.0
2024,2024-07-30,Graham,19527,9973,4221,,10.0,117,5125,81.0
2024,2024-11-05,Graham,20714,10718,4391,,11.0,127,5369,98.0
2025,2025-01-02,Graham,21018,10952,4438,,11.0,131,5381,105.0
2025,2025-04-01,Graham,21096,10993,4419,,13.0,130,5417,124.0
2025,2025-07-01,Graham,21238,11027,4420,,15.0,135,5495,146.0
2025,2025-10-01,Graham,21359,11090,4388,,16.0,134,5564,167.0
2026,2026-01-01,Graham,21406,11090,4360,,18.0,131,5626,181.0
2026,2026-04-01,Graham,21485,11101,4354,,18.0,133,5674,205.0
2026,2026-07-21,Graham,20375,10548,4138,,16.0,121,5354,198.0
2014,2014-01-02,Greenlee,4490,1112,2246,0.0,0.0,20,1112,
2014,2014-11-04,Greenlee,4382,1094,2115,0.0,0.0,22,1151,
2015,2015-01-02,Greenlee,4379,1100,2102,0.0,3.0,23,1151,
2015,2015-04-01,Greenlee,4439,1108,2102,0.0,3.0,25,1201,
2015,2015-07-01,Greenlee,4457,1106,2093,0.0,3.0,25,1230,
2015,2015-10-01,Greenlee,4515,1128,2087,0.0,2.0,25,1273,
2016,2016-01-02,Greenlee,4571,1169,2067,0.0,0.0,24,1311,
2016,2016-03-01,Greenlee,4349,1130,2001,0.0,0.0,25,1193,
2016,2016-05-01,Greenlee,4432,1192,2008,,0.0,27,1205,
2016,2016-08-30,Greenlee,4540,1264,2007,,0.0,27,1242,
2016,2016-11-08,Greenlee,4702,1328,2038,,2.0,30,1304,
2017,2017-01-02,Greenlee,4752,1372,2033,,2.0,32,1313,
2017,2017-04-01,Greenlee,4726,1375,2013,,3.0,31,1304,
2017,2017-07-01,Greenlee,4726,1384,1989,,3.0,33,1317,
2017,2017-10-01,Greenlee,4759,1400,1987,,3.0,33,1336,
2018,2018-01-02,Greenlee,4782,1409,1981,,3.0,35,1354,
2018,2018-03-01,Greenlee,4806,1423,1975,,3.0,36,1369,
2018,2018-08-28,Greenlee,4485,1345,1857,,3.0,32,1248,
2018,2018-11-06,Greenlee,4535,1369,1857,,4.0,32,1273,
2019,2019-01-02,Greenlee,4584,1417,1851,,4.0,33,1279,
2019,2019-04-01,Greenlee,4609,1441,1843,,3.0,36,1286,
2019,2019-07-01,Greenlee,4650,1467,1839,,3.0,38,1303,
2019,2019-10-01,Greenlee,4704,1502,1826,,3.0,41,1332,
2020,2020-01-02,Greenlee,4735,1538,1805,,0.0,39,1353,
2020,2020-03-17,Greenlee,4711,1564,1756,,0.0,37,1354,
2020,2020-04-01,Greenlee,4766,1609,1758,,,37,1362,
2020,2020-08-04,Greenlee,4583,1576,1690,,,34,1283,
2020,2020-11-03,Greenlee,4866,1764,1684,,,43,1375,
2021,2021-01-02,Greenlee,4912,1792,1670,,,45,1405,
2021,2021-04-01,Greenlee,4921,1792,1649,,,45,1435,
2021,2021-07-01,Greenlee,4928,1802,1636,,,46,1444,
2021,2021-10-01,Greenlee,4932,1803,1627,,,47,1455,
2022,2022-01-02,Greenlee,4900,1782,1601,,,49,1468,
2022,2022-04-01,Greenlee,4869,1759,1557,,,49,1504,
2022,2022-08-02,Greenlee,4632,1695,1468,,,44,1425,
2022,2022-11-08,Greenlee,4669,1728,1452,,,46,1443,
2023,2023-01-01,Greenlee,4809,1788,1481,,,49,1491,
2023,2023-01-01,Greenlee,4809,1788,1481,,,49,1491,0.0
2023,2023-04-01,Greenlee,4844,1797,1475,,,50,1522,0.0
2023,2023-07-01,Greenlee,4721,1771,1424,,,49,1470,7.0
2023,2023-10-01,Greenlee,4749,1776,1412,,0.0,52,1490,19.0
2024,2024-01-01,Greenlee,4785,1790,1398,,2.0,51,1514,30.0
2024,2024-03-19,Greenlee,4497,1697,1319,,2.0,51,1398,30.0
2024,2024-04-01,Greenlee,4529,1718,1319,,2.0,50,1411,29.0
2024,2024-07-30,Greenlee,4552,1750,1290,,2.0,51,1425,34.0
2024,2024-11-05,Greenlee,4720,1862,1294,,3.0,47,1482,32.0
2025,2025-01-02,Greenlee,4779,1919,1285,,2.0,48,1491,34.0
2025,2025-04-01,Greenlee,4791,1934,1260,,3.0,46,1510,38.0
2025,2025-07-01,Greenlee,4790,1939,1241,,3.0,45,1510,52.0
2025,2025-10-01,Greenlee,4789,1941,1224,,3.0,47,1517,57.0
2026,2026-01-01,Greenlee,4780,1941,1205,,3.0,46,1524,61.0
2026,2026-04-01,Greenlee,4827,1955,1196,,3.0,47,1558,68.0
2026,2026-07-21,Greenlee,4564,1828,1145,,5.0,47,1478,61.0
2014,2014-01-02,La Paz,9069,3318,2337,1.0,0.0,33,3380,
2014,2014-11-04,La Paz,9061,3289,2228,1.0,0.0,39,3504,
2015,2015-01-02,La Paz,9050,3279,2203,1.0,14.0,41,3512,
2015,2015-04-01,La Paz,8905,3230,2164,1.0,11.0,37,3462,
2015,2015-07-01,La Paz,8932,3222,2164,1.0,10.0,38,3497,
2015,2015-10-01,La Paz,8997,3241,2157,1.0,10.0,38,3550,
2016,2016-01-02,La Paz,9186,3326,2180,0.0,10.0,37,3633,
2016,2016-03-01,La Paz,9322,3386,2216,0.0,10.0,34,3676,
2016,2016-05-01,La Paz,9479,3496,2264,,10.0,36,3673,
2016,2016-08-30,La Paz,8546,3285,2062,,10.0,31,3158,
2016,2016-11-08,La Paz,8884,3420,2138,,12.0,34,3280,
2017,2017-01-02,La Paz,9097,3549,2179,,13.0,34,3322,
2017,2017-04-01,La Paz,9219,3603,2201,,14.0,35,3366,
2017,2017-07-01,La Paz,9367,3677,2215,,13.0,35,3427,
2017,2017-10-01,La Paz,9444,3711,2213,,13.0,38,3469,
2018,2018-01-02,La Paz,9572,3766,2223,,14.0,38,3531,
2018,2018-03-01,La Paz,9673,3823,2222,,15.0,39,3574,
2018,2018-08-28,La Paz,9814,3908,2231,,12.0,38,3625,
2018,2018-11-06,La Paz,10048,4025,2272,,13.0,39,3699,
2019,2019-01-02,La Paz,10154,4103,2283,,13.0,39,3716,
2019,2019-04-01,La Paz,10338,4216,2302,,13.0,39,3768,
2019,2019-07-01,La Paz,10460,4289,2317,,14.0,40,3800,
2019,2019-10-01,La Paz,10291,4235,2277,,13.0,43,3723,
2020,2020-01-02,La Paz,10447,4344,2290,,0.0,44,3769,
2020,2020-03-17,La Paz,10522,4423,2282,,0.0,47,3770,
2020,2020-04-01,La Paz,10663,4560,2322,,,50,3731,
2020,2020-08-04,La Paz,10205,4490,2186,,,59,3470,
2020,2020-11-03,La Paz,10909,4916,2303,,,71,3619,
2021,2021-01-02,La Paz,11087,5006,2322,,,73,3686,
2021,2021-04-01,La Paz,11105,5000,2313,,,71,3721,
2021,2021-07-01,La Paz,11210,5073,2291,,,71,3775,
2021,2021-10-01,La Paz,11093,5016,2263,,,71,3743,
2022,2022-01-02,La Paz,11152,5051,2241,,,71,3789,
2022,2022-04-01,La Paz,11245,5110,2203,,,69,3863,
2022,2022-08-02,La Paz,11059,5043,2130,,,67,3819,
2022,2022-11-08,La Paz,11311,5161,2150,,,65,3935,
2023,2023-01-01,La Paz,11546,5275,2174,,,66,4031,
2023,2023-01-01,La Paz,11546,5275,2174,,,66,4031,0.0
2023,2023-04-01,La Paz,11480,5237,2129,,,66,4048,0.0
2023,2023-07-01,La Paz,11595,5261,2122,,,68,4121,23.0
2023,2023-10-01,La Paz,11756,5326,2124,,0.0,69,4190,47.0
2024,2024-01-01,La Paz,11784,5350,2106,,4.0,61,4168,95.0
2024,2024-03-19,La Paz,11841,5457,2084,,4.0,60,4131,105.0
2024,2024-04-01,La Paz,11776,5412,2027,,4.0,63,4157,113.0
2024,2024-07-30,La Paz,11933,5468,2014,,9.0,65,4249,128.0
2024,2024-11-05,La Paz,12375,5719,2086,,11.0,66,4355,138.0
2025,2025-01-02,La Paz,12568,5850,2096,,11.0,71,4399,141.0
2025,2025-04-01,La Paz,12439,5860,2079,,12.0,73,4275,140.0
2025,2025-07-01,La Paz,12515,5896,2064,,11.0,78,4311,155.0
2025,2025-10-01,La Paz,12535,5916,2055,,10.0,77,4316,161.0
2026,2026-01-01,La Paz,12428,5886,2014,,10.0,75,4278,165.0
2026,2026-04-01,La Paz,12511,5929,2015,,9.0,77,4315,166.0
2026,2026-07-21,La Paz,11219,5417,1805,,10.0,68,3753,166.0
2014,2014-01-02,Maricopa,1949998,709130,533254,208.0,0.0,17173,690233,
2014,2014-11-04,Maricopa,1935729,694850,515376,298.0,0.0,17205,708000,
2015,2015-01-02,Maricopa,1933548,690900,510481,311.0,2366.0,17171,712319,
2015,2015-04-01,Maricopa,1952297,693749,512024,322.0,2212.0,17432,726558,
2015,2015-07-01,Maricopa,1972381,696627,513655,337.0,2187.0,17666,741909,
2015,2015-10-01,Maricopa,2003388,702116,520859,348.0,2229.0,17901,759935,
2016,2016-01-02,Maricopa,1958568,691241,507826,0.0,2154.0,16817,740530,
2016,2016-03-01,Maricopa,1994199,708941,532946,0.0,2109.0,16626,733577,
2016,2016-05-01,Maricopa,2026517,724414,555036,,2208.0,16617,728242,
2016,2016-08-30,Maricopa,2056458,738269,575701,,2817.0,17400,722271,
2016,2016-11-08,Maricopa,2161716,767484,617685,,3697.0,20654,752196,
2017,2017-01-02,Maricopa,2199918,779421,627544,,3917.0,21189,767847,
2017,2017-04-01,Maricopa,2191965,778229,625017,,3862.0,20942,763915,
2017,2017-07-01,Maricopa,2209029,782806,630235,,3897.0,21085,771006,
2017,2017-10-01,Maricopa,2229676,788298,635498,,3913.0,21252,780715,
2018,2018-01-02,Maricopa,2208784,785290,629647,,3853.0,20955,769039,
2018,2018-03-01,Maricopa,2193391,782999,626489,,3776.0,20621,759506,
2018,2018-08-28,Maricopa,2229718,790246,649268,,3736.0,20949,765519,
2018,2018-11-06,Maricopa,2254596,796075,666835,,3605.0,20970,767111,
2019,2019-01-02,Maricopa,2298798,810924,681486,,3698.0,21525,781165,
2019,2019-04-01,Maricopa,2292072,809451,680920,,3601.0,21304,776796,
2019,2019-07-01,Maricopa,2321879,819103,691308,,3585.0,21445,786438,
2019,2019-10-01,Maricopa,2357871,830080,705783,,3605.0,21674,796729,
2020,2020-01-02,Maricopa,2398097,840167,724099,,0.0,21847,811984,
2020,2020-03-17,Maricopa,2363989,828222,737926,,0.0,21008,776833,
2020,2020-04-01,Maricopa,2380995,835561,749918,,,21016,774500,
2020,2020-08-04,Maricopa,2431029,849313,764774,,,21880,795062,
2020,2020-11-03,Maricopa,2595272,915227,814343,,,25025,840677,
2021,2021-01-02,Maricopa,2607727,921997,816745,,,25031,843954,
2021,2021-04-01,Maricopa,2605579,906970,814013,,,24692,859904,
2021,2021-07-01,Maricopa,2626724,908613,816385,,,24254,877472,
2021,2021-10-01,Maricopa,2651539,912152,818465,,,23947,896975,
2022,2022-01-02,Maricopa,2645793,906926,811426,,,23461,903980,
2022,2022-04-01,Maricopa,2592800,888426,787971,,,22315,894088,
2022,2022-08-02,Maricopa,2474077,848534,750414,,,20493,854636,
2022,2022-11-08,Maricopa,2435397,841142,731792,,,19829,842634,
2023,2023-01-01,Maricopa,2457349,850152,734440,,,20444,852313,
2023,2023-01-01,Maricopa,2457349,850152,734440,,,20444,852313,0.0
2023,2023-04-01,Maricopa,2474010,851047,734583,,,20784,867582,14.0
2023,2023-07-01,Maricopa,2493350,852868,733721,,,21013,880265,5483.0
2023,2023-10-01,Maricopa,2504820,853264,730462,,0.0,21042,888077,11975.0
2024,2024-01-01,Maricopa,2406677,825145,697057,,1523.0,19865,846568,16519.0
2024,2024-03-19,Maricopa,2409115,839251,689085,,1587.0,19623,841882,17687.0
2024,2024-04-01,Maricopa,2371474,835409,682927,,1605.0,18824,815384,17325.0
2024,2024-07-30,Maricopa,2419609,851227,692294,,1878.0,18837,837009,18364.0
2024,2024-11-05,Maricopa,2587196,917074,739701,,2381.0,19024,888445,20571.0
2025,2025-01-02,Maricopa,2642820,940064,754058,,2677.0,19486,904360,22175.0
2025,2025-04-01,Maricopa,2648830,939859,748937,,2782.0,19524,914152,23576.0
2025,2025-07-01,Maricopa,2657947,938251,744709,,2888.0,19484,927020,25595.0
2025,2025-10-01,Maricopa,2676675,940727,744804,,2997.0,19542,941482,27123.0
2026,2026-01-01,Maricopa,2538491,896064,706649,,2873.0,18298,888733,25874.0
2026,2026-04-01,Maricopa,2566257,897104,713671,,2964.0,18464,906036,28018.0
2026,2026-07-21,Maricopa,2540618,883986,705293,,2985.0,18261,901151,28942.0
2014,2014-01-02,Mohave,113182,45781,23188,9.0,0.0,606,43598,
2014,2014-11-04,Mohave,117597,46633,23072,14.0,0.0,664,47214,
2015,2015-01-02,Mohave,117779,46422,22707,16.0,108.0,669,47857,
2015,2015-04-01,Mohave,116429,45963,22109,17.0,106.0,676,47558,
2015,2015-07-01,Mohave,109961,43921,20526,17.0,101.0,649,44747,
2015,2015-10-01,Mohave,110015,43898,20313,17.0,101.0,646,45040,
2016,2016-01-02,Mohave,111836,44896,20376,0.0,98.0,640,45826,
2016,2016-03-01,Mohave,110737,45358,20180,0.0,96.0,628,44475,
2016,2016-05-01,Mohave,107730,45551,19604,,92.0,593,41890,
2016,2016-08-30,Mohave,109616,47268,19754,,113.0,614,41867,
2016,2016-11-08,Mohave,115339,50390,20557,,141.0,726,43525,
2017,2017-01-02,Mohave,118717,51979,21041,,153.0,766,44778,
2017,2017-04-01,Mohave,119416,52480,20949,,158.0,764,45065,
2017,2017-07-01,Mohave,120932,53330,21083,,160.0,768,45591,
2017,2017-10-01,Mohave,121275,53776,20966,,159.0,755,45619,
2018,2018-01-02,Mohave,119253,53458,20481,,155.0,740,44419,
2018,2018-03-01,Mohave,120192,53939,20571,,153.0,750,44779,
2018,2018-08-28,Mohave,118839,54594,20191,,139.0,710,43205,
2018,2018-11-06,Mohave,116346,54932,19660,,136.0,679,40939,
2019,2019-01-02,Mohave,118686,56157,19848,,135.0,694,41852,
2019,2019-04-01,Mohave,119168,56798,19849,,132.0,696,41693,
2019,2019-07-01,Mohave,121841,58383,20238,,135.0,707,42378,
2019,2019-10-01,Mohave,124978,60318,20653,,139.0,738,43130,
2020,2020-01-02,Mohave,124541,60951,20427,,0.0,721,42442,
2020,2020-03-17,Mohave,126898,62665,20872,,0.0,732,42629,
2020,2020-04-01,Mohave,127977,63696,20986,,,746,42549,
2020,2020-08-04,Mohave,127522,64180,20519,,,759,42064,
2020,2020-11-03,Mohave,135180,70310,21648,,,921,42301,
2021,2021-01-02,Mohave,137681,71899,21681,,,939,43162,
2021,2021-04-01,Mohave,138426,71800,21558,,,939,44129,
2021,2021-07-01,Mohave,140896,73059,21650,,,947,45240,
2021,2021-10-01,Mohave,143235,74276,21667,,,961,46331,
2022,2022-01-02,Mohave,144877,75157,21565,,,957,47198,
2022,2022-04-01,Mohave,145106,75301,21244,,,934,47627,
2022,2022-08-02,Mohave,147343,76759,21086,,,948,48550,
2022,2022-11-08,Mohave,146919,76986,20603,,,946,48384,
2023,2023-01-01,Mohave,139944,74102,19202,,,929,45711,
2023,2023-01-01,Mohave,139944,74102,19202,,,929,45711,0.0
2023,2023-04-01,Mohave,141752,74871,19183,,,958,46740,0.0
2023,2023-07-01,Mohave,143624,75767,19140,,,967,47549,201.0
2023,2023-10-01,Mohave,144891,76398,19017,,0.0,975,48103,398.0
2024,2024-01-01,Mohave,146385,78243,19164,,0.0,976,47399,603.0
2024,2024-03-19,Mohave,139275,75712,18163,,62.0,896,43789,653.0
2024,2024-04-01,Mohave,140245,76468,18146,,68.0,907,43970,686.0
2024,2024-07-30,Mohave,139298,76534,17808,,77.0,899,43215,765.0
2024,2024-11-05,Mohave,147549,82271,18747,,83.0,910,44689,849.0
2025,2025-01-02,Mohave,151437,84865,18990,,94.0,949,45630,909.0
2025,2025-04-01,Mohave,151773,85233,18778,,100.0,947,45740,975.0
2025,2025-07-01,Mohave,152167,85385,18671,,108.0,951,45960,1092.0
2025,2025-10-01,Mohave,148565,83732,18046,,108.0,928,44598,1153.0
2026,2026-01-01,Mohave,149747,84400,17974,,105.0,955,45092,1221.0
2026,2026-04-01,Mohave,150612,84748,17925,,116.0,965,45496,1362.0
2026,2026-07-21,Mohave,149407,84061,17756,,129.0,968,45046,1447.0
2014,2014-01-02,Navajo,58615,18376,23887,4.0,0.0,361,15987,
2014,2014-11-04,Navajo,56725,17523,22979,8.0,0.0,366,15849,
2015,2015-01-02,Navajo,56890,17506,23008,8.0,44.0,369,15955,
2015,2015-04-01,Navajo,57551,17647,23078,6.0,45.0,363,16412,
2015,2015-07-01,Navajo,58116,17782,23155,6.0,48.0,373,16752,
2015,2015-10-01,Navajo,58996,18060,23260,7.0,47.0,383,17239,
2016,2016-01-02,Navajo,59579,18353,23335,0.0,44.0,376,17471,
2016,2016-03-01,Navajo,59906,18875,23315,0.0,41.0,368,17307,
2016,2016-05-01,Navajo,61424,19742,24332,,43.0,368,16939,
2016,2016-08-30,Navajo,61751,19814,24336,,51.0,386,17164,
2016,2016-11-08,Navajo,63943,20789,25196,,63.0,422,17473,
2017,2017-01-02,Navajo,63920,20751,25362,,66.0,423,17318,
2017,2017-04-01,Navajo,64290,20939,25399,,68.0,423,17461,
2017,2017-07-01,Navajo,66274,21680,25943,,75.0,438,18138,
2017,2017-10-01,Navajo,66887,21939,26052,,74.0,446,18376,
2018,2018-01-02,Navajo,64704,21185,25320,,72.0,421,17706,
2018,2018-03-01,Navajo,64874,21246,25234,,70.0,415,17909,
2018,2018-08-28,Navajo,62158,20587,24136,,77.0,400,16958,
2018,2018-11-06,Navajo,63034,21103,24459,,79.0,387,17006,
2019,2019-01-02,Navajo,64126,21601,24817,,81.0,394,17233,
2019,2019-04-01,Navajo,64489,21737,24931,,85.0,393,17343,
2019,2019-07-01,Navajo,65190,22057,25066,,86.0,388,17593,
2019,2019-10-01,Navajo,65546,22241,25120,,82.0,383,17720,
2020,2020-01-02,Navajo,65784,22408,25077,,0.0,381,17918,
2020,2020-03-17,Navajo,66322,22776,25215,,0.0,386,17945,
2020,2020-04-01,Navajo,66762,23059,25365,,,384,17954,
2020,2020-08-04,Navajo,66982,23365,25160,,,393,18064,
2020,2020-11-03,Navajo,70650,25084,26448,,,434,18684,
2021,2021-01-02,Navajo,71868,25681,26744,,,452,18991,
2021,2021-04-01,Navajo,71182,25278,26350,,,449,19105,
2021,2021-07-01,Navajo,71664,25480,26239,,,446,19499,
2021,2021-10-01,Navajo,71746,25670,25948,,,446,19682,
2022,2022-01-02,Navajo,72421,25972,25953,,,445,20051,
2022,2022-04-01,Navajo,70935,25587,25159,,,435,19754,
2022,2022-08-02,Navajo,67247,24367,23837,,,397,18646,
2022,2022-11-08,Navajo,69040,25417,24144,,,417,19062,
2023,2023-01-01,Navajo,69851,25763,24180,,,434,19474,
2023,2023-01-01,Navajo,69851,25763,24180,,,434,19474,0.0
2023,2023-04-01,Navajo,69418,25555,23893,,,434,19536,0.0
2023,2023-07-01,Navajo,69975,25770,23795,,,437,19879,94.0
2023,2023-10-01,Navajo,70457,25981,23638,,0.0,445,20143,250.0
2024,2024-01-01,Navajo,70854,26390,23526,,0.0,449,20162,327.0
2024,2024-03-19,Navajo,66886,25333,22427,,0.0,394,18415,317.0
2024,2024-04-01,Navajo,66711,25435,22290,,4.0,386,18267,329.0
2024,2024-07-30,Navajo,66207,25530,21759,,15.0,370,18184,349.0
2024,2024-11-05,Navajo,69774,27441,22582,,23.0,383,18929,416.0
2025,2025-01-02,Navajo,71674,28226,23219,,29.0,390,19318,492.0
2025,2025-04-01,Navajo,71803,28245,23142,,32.0,393,19450,541.0
2025,2025-07-01,Navajo,72150,28340,23051,,35.0,406,19727,591.0
2025,2025-10-01,Navajo,72321,28409,22940,,40.0,410,19873,649.0
2026,2026-01-01,Navajo,72551,28505,22868,,41.0,415,20016,706.0
2026,2026-04-01,Navajo,73029,28639,22853,,45.0,430,20349,713.0
2026,2026-07-21,Navajo,72918,28392,22797,,50.0,432,20478,769.0
2014,2014-01-02,Pima,483987,146686,178748,49.0,0.0,3878,154626,
2014,2014-11-04,Pima,498657,151097,179046,57.0,0.0,4026,164431,
2015,2015-01-02,Pima,506232,153220,181113,65.0,1656.0,4103,166075,
2015,2015-04-01,Pima,483950,146481,172777,60.0,1536.0,3854,159242,
2015,2015-07-01,Pima,483778,145770,171962,65.0,1517.0,3833,160631,
2015,2015-10-01,Pima,492794,147331,175086,70.0,1554.0,3839,164914,
2016,2016-01-02,Pima,484573,144750,172246,0.0,1523.0,3684,162370,
2016,2016-03-01,Pima,492085,148215,179043,0.0,1351.0,3547,159929,
2016,2016-05-01,Pima,500583,152396,186249,,1330.0,3560,157048,
2016,2016-08-30,Pima,509310,155376,191766,,1562.0,3821,156785,
2016,2016-11-08,Pima,544270,163482,206856,,1773.0,4379,167780,
2017,2017-01-02,Pima,544150,164379,207159,,1764.0,4463,166385,
2017,2017-04-01,Pima,543825,164399,206505,,1745.0,4450,166726,
2017,2017-07-01,Pima,536948,162284,203784,,1694.0,4376,164810,
2017,2017-10-01,Pima,530655,160932,200939,,1657.0,4266,162861,
2018,2018-01-02,Pima,522039,158126,197911,,1605.0,4158,160239,
2018,2018-03-01,Pima,516666,157008,195874,,1551.0,4064,158169,
2018,2018-08-28,Pima,524980,157706,200943,,1485.0,4100,160746,
2018,2018-11-06,Pima,557532,165240,214319,,1485.0,4360,172128,
2019,2019-01-02,Pima,559668,166383,214887,,1487.0,4434,172477,
2019,2019-04-01,Pima,559394,166425,215215,,1447.0,4422,171885,
2019,2019-07-01,Pima,564011,167553,217058,,1426.0,4411,173563,
2019,2019-10-01,Pima,569567,168156,220695,,1380.0,4353,174983,
2020,2020-01-02,Pima,573608,168990,223115,,0.0,4361,177142,
2020,2020-03-17,Pima,586196,170984,237568,,0.0,4340,173304,
2020,2020-04-01,Pima,581026,169806,238385,,,4238,168597,
2020,2020-08-04,Pima,584070,171331,230325,,,4243,178171,
2020,2020-11-03,Pima,638355,185946,257678,,,5264,189467,
2021,2021-01-02,Pima,630218,183879,255164,,,5161,186014,
2021,2021-04-01,Pima,629043,180840,254320,,,5138,188745,
2021,2021-07-01,Pima,632020,180577,254166,,,5091,192186,
2021,2021-10-01,Pima,628049,179015,251005,,,4906,193123,
2022,2022-01-02,Pima,630129,178375,250850,,,4862,196042,
2022,2022-04-01,Pima,630181,177415,249268,,,4776,198722,
2022,2022-08-02,Pima,626320,175878,246530,,,4685,199227,
2022,2022-11-08,Pima,639885,178320,250018,,,4755,206792,
2023,2023-01-01,Pima,644809,179020,250779,,,4877,210133,
2023,2023-01-01,Pima,644809,179020,250779,,,4877,210133,0.0
2023,2023-04-01,Pima,633484,175858,245052,,,4849,207722,3.0
2023,2023-07-01,Pima,638809,176408,245367,,,4915,211001,1118.0
2023,2023-10-01,Pima,636419,175106,243142,,0.0,4856,210763,2552.0
2024,2024-01-01,Pima,626893,173314,238434,,757.0,4758,206156,3474.0
2024,2024-03-19,Pima,631459,175893,239048,,777.0,4737,207329,3675.0
2024,2024-04-01,Pima,632455,176166,238782,,779.0,4753,208247,3728.0
2024,2024-07-30,Pima,628314,175517,234298,,865.0,4598,209155,3881.0
2024,2024-11-05,Pima,662357,186711,245471,,1012.0,4571,220377,4215.0
2025,2025-01-02,Pima,677353,191793,249361,,1098.0,4653,225930,4518.0
2025,2025-04-01,Pima,674019,191031,246806,,1140.0,4636,225682,4724.0
2025,2025-07-01,Pima,678636,191521,247056,,1163.0,4669,229168,5059.0
2025,2025-10-01,Pima,682568,191977,247221,,1179.0,4680,232069,5442.0
2026,2026-01-01,Pima,662566,187466,238696,,1147.0,4538,225241,5478.0
2026,2026-04-01,Pima,644993,181126,234064,,1131.0,4407,218663,5602.0
2026,2026-07-21,Pima,646190,180455,234172,,1172.0,4412,220075,5904.0
2014,2014-01-02,Pinal,160282,53193,44926,16.0,0.0,1110,61037,
2014,2014-11-04,Pinal,158340,51801,43310,15.0,0.0,1114,62100,
2015,2015-01-02,Pinal,159637,52021,43186,14.0,150.0,1129,63137,
2015,2015-04-01,Pinal,159774,51791,42765,10.0,153.0,1127,63928,
2015,2015-07-01,Pinal,161700,52198,42833,11.0,150.0,1140,65368,
2015,2015-10-01,Pinal,164965,53024,43221,11.0,148.0,1132,67429,
2016,2016-01-02,Pinal,167460,53791,43451,0.0,147.0,1143,68928,
2016,2016-03-01,Pinal,165665,54416,43551,0.0,147.0,1106,66445,
2016,2016-05-01,Pinal,171357,58137,46032,,158.0,1129,65901,
2016,2016-08-30,Pinal,178474,61240,48026,,199.0,1265,67744,
2016,2016-11-08,Pinal,189462,65453,51049,,256.0,1500,71204,
2017,2017-01-02,Pinal,196261,67472,52600,,281.0,1572,74336,
2017,2017-04-01,Pinal,194759,67137,52003,,283.0,1547,73789,
2017,2017-07-01,Pinal,194467,67401,51828,,284.0,1539,73415,
2017,2017-10-01,Pinal,197351,68473,52342,,286.0,1553,74697,
2018,2018-01-02,Pinal,199720,69234,52806,,287.0,1591,75802,
2018,2018-03-01,Pinal,197554,68620,52183,,279.0,1557,74915,
2018,2018-08-28,Pinal,193146,68286,51623,,272.0,1493,71472,
2018,2018-11-06,Pinal,202079,71998,54115,,287.0,1581,74098,
2019,2019-01-02,Pinal,206931,74059,55370,,305.0,1630,75567,
2019,2019-04-01,Pinal,206164,73845,55134,,298.0,1592,75295,
2019,2019-07-01,Pinal,210211,75453,56162,,294.0,1602,76700,
2019,2019-10-01,Pinal,214532,77442,57250,,307.0,1604,77929,
2020,2020-01-02,Pinal,219013,79631,58329,,0.0,1624,79429,
2020,2020-03-17,Pinal,221962,81249,60034,,0.0,1649,79030,
2020,2020-04-01,Pinal,224690,82575,61557,,,1672,78886,
2020,2020-08-04,Pinal,228028,84379,62232,,,1752,79665,
2020,2020-11-03,Pinal,248874,94814,66672,,,2121,85267,
2021,2021-01-02,Pinal,252714,96321,67206,,,2153,87034,
2021,2021-04-01,Pinal,251118,94607,66418,,,2095,87998,
2021,2021-07-01,Pinal,251709,94849,66048,,,2049,88763,
2021,2021-10-01,Pinal,255117,95897,66316,,,2049,90855,
2022,2022-01-02,Pinal,256739,96638,66009,,,2018,92074,
2022,2022-04-01,Pinal,255177,96060,64911,,,1967,92239,
2022,2022-08-02,Pinal,275095,102704,68894,,,2145,101352,
2022,2022-11-08,Pinal,262694,99667,65357,,,2032,95638,
2023,2023-01-01,Pinal,254740,96546,62562,,,1990,93642,
2023,2023-01-01,Pinal,254740,96546,62562,,,1990,93642,0.0
2023,2023-04-01,Pinal,258406,97500,62916,,,2046,95944,0.0
2023,2023-07-01,Pinal,260959,97926,62701,,,2109,97624,599.0
2023,2023-10-01,Pinal,264708,98955,62965,,0.0,2136,99272,1380.0
2024,2024-01-01,Pinal,264369,99129,62219,,1.0,2142,98993,1885.0
2024,2024-03-19,Pinal,266033,102023,62624,,7.0,2138,97233,2008.0
2024,2024-04-01,Pinal,261956,101452,61262,,17.0,2155,94992,2078.0
2024,2024-07-30,Pinal,268139,104200,62073,,134.0,2168,97427,2137.0
2024,2024-11-05,Pinal,282639,112598,65633,,193.0,2120,99744,2351.0
2025,2025-01-02,Pinal,290908,116213,67092,,224.0,2180,102696,2503.0
2025,2025-04-01,Pinal,291066,116189,66563,,239.0,2196,103298,2581.0
2025,2025-07-01,Pinal,283351,112339,64152,,246.0,2124,101796,2694.0
2025,2025-10-01,Pinal,294392,116852,66269,,265.0,2182,105927,2897.0
2026,2026-01-01,Pinal,288734,114540,65064,,264.0,2126,103832,2908.0
2026,2026-04-01,Pinal,284771,112317,64216,,280.0,2104,102844,3010.0
2026,2026-07-21,Pinal,289250,113673,65058,,292.0,2092,104904,3231.0
2014,2014-01-02,Santa Cruz,23484,3865,11825,0.0,0.0,133,7661,
2014,2014-11-04,Santa Cruz,22669,3661,11385,0.0,0.0,124,7499,
2015,2015-01-02,Santa Cruz,22882,3686,11432,0.0,29.0,123,7612,
2015,2015-04-01,Santa Cruz,23157,3705,11475,0.0,32.0,124,7821,
2015,2015-07-01,Santa Cruz,23391,3715,11517,0.0,33.0,126,8000,
2015,2015-10-01,Santa Cruz,23675,3743,11580,0.0,34.0,129,8189,
2016,2016-01-02,Santa Cruz,24004,3796,11660,0.0,36.0,131,8381,
2016,2016-03-01,Santa Cruz,24156,3890,11784,0.0,34.0,128,8320,
2016,2016-05-01,Santa Cruz,24696,4006,12213,,36.0,131,8310,
2016,2016-08-30,Santa Cruz,25178,4079,12568,,36.0,131,8364,
2016,2016-11-08,Santa Cruz,26276,4206,13352,,43.0,146,8529,
2017,2017-01-02,Santa Cruz,26418,4235,13463,,45.0,149,8526,
2017,2017-04-01,Santa Cruz,26598,4276,13563,,47.0,153,8559,
2017,2017-07-01,Santa Cruz,26816,4308,13638,,46.0,156,8668,
2017,2017-10-01,Santa Cruz,27071,4332,13722,,46.0,152,8819,
2018,2018-01-02,Santa Cruz,27278,4362,13801,,46.0,157,8912,
2018,2018-03-01,Santa Cruz,27427,4384,13850,,46.0,161,8986,
2018,2018-08-28,Santa Cruz,27764,4614,14189,,67.0,152,8742,
2018,2018-11-06,Santa Cruz,28238,4571,14242,,48.0,148,9229,
2019,2019-01-02,Santa Cruz,28587,4645,14373,,50.0,154,9365,
2019,2019-04-01,Santa Cruz,28784,4713,14425,,48.0,152,9446,
2019,2019-07-01,Santa Cruz,29050,4759,14548,,50.0,151,9542,
2019,2019-10-01,Santa Cruz,29320,4822,14628,,47.0,154,9669,
2020,2020-01-02,Santa Cruz,26732,4495,13429,,0.0,132,8676,
2020,2020-03-17,Santa Cruz,26716,4521,13552,,0.0,130,8513,
2020,2020-04-01,Santa Cruz,26871,4540,13726,,,129,8476,
2020,2020-08-04,Santa Cruz,28733,4768,14498,,,154,9313,
2020,2020-11-03,Santa Cruz,29963,5090,15122,,,169,9582,
2021,2021-01-02,Santa Cruz,30254,5154,15212,,,170,9718,
2021,2021-04-01,Santa Cruz,30155,5079,15122,,,171,9783,
2021,2021-07-01,Santa Cruz,30191,5081,15059,,,165,9886,
2021,2021-10-01,Santa Cruz,30369,5089,15020,,,166,10094,
2022,2022-01-02,Santa Cruz,30575,5125,14988,,,167,10295,
2022,2022-04-01,Santa Cruz,30699,5125,14939,,,163,10472,
2022,2022-08-02,Santa Cruz,30005,4983,14550,,,157,10315,
2022,2022-11-08,Santa Cruz,29189,4897,14022,,,149,10121,
2023,2023-01-01,Santa Cruz,29567,4953,14164,,,149,10301,
2023,2023-01-01,Santa Cruz,29567,4953,14164,,,149,10301,0.0
2023,2023-04-01,Santa Cruz,30029,5018,14176,,,159,10676,0.0
2023,2023-07-01,Santa Cruz,30250,5045,14128,,,171,10885,21.0
2023,2023-10-01,Santa Cruz,30457,5068,14045,,0.0,172,11103,69.0
2024,2024-01-01,Santa Cruz,30591,5109,13965,,11.0,171,11229,106.0
2024,2024-03-19,Santa Cruz,30432,5124,13720,,12.0,173,11287,116.0
2024,2024-04-01,Santa Cruz,30678,5188,13722,,11.0,168,11470,119.0
2024,2024-07-30,Santa Cruz,30759,5320,13597,,12.0,164,11533,133.0
2024,2024-11-05,Santa Cruz,31758,5807,13865,,12.0,148,11778,148.0
2025,2025-01-02,Santa Cruz,32351,6088,14013,,13.0,151,11931,155.0
2025,2025-04-01,Santa Cruz,32259,6110,13827,,14.0,151,11986,171.0
2025,2025-07-01,Santa Cruz,32039,6103,13622,,16.0,149,11973,176.0
2025,2025-10-01,Santa Cruz,32037,6057,13560,,16.0,146,12083,175.0
2026,2026-01-01,Santa Cruz,32713,6126,13730,,17.0,155,12487,198.0
2026,2026-04-01,Santa Cruz,32927,6151,13747,,20.0,157,12635,217.0
2026,2026-07-21,Santa Cruz,32699,6071,13629,,23.0,159,12585,232.0
2014,2014-01-02,TOTALS,3244793,1131263,962828,317.0,0.0,26387,1123998,
2014,2014-11-04,TOTALS,3235963,1114713,936417,433.0,0.0,26589,1157811,
2015,2015-01-02,TOTALS,3247175,1113991,933883,461.0,5051.0,26706,1167083,
2015,2015-04-01,TOTALS,3235690,1106853,923283,459.0,4757.0,26651,1173687,
2015,2015-07-01,TOTALS,3252687,1107108,922120,473.0,4717.0,26875,1191394,
2015,2015-10-01,TOTALS,3299906,1115496,932722,500.0,4755.0,27099,1219334,
2016,2016-01-02,TOTALS,3254397,1105521,917411,0.0,4628.0,25807,1201030,
2016,2016-03-01,TOTALS,3297880,1131838,952527,0.0,4382.0,25333,1183800,
2016,2016-05-01,TOTALS,3353309,1161816,990417,,4480.0,25340,1171256,
2016,2016-08-30,TOTALS,3400611,1185023,1019050,,5512.0,26653,1164373,
2016,2016-11-08,TOTALS,3588466,1239614,1091323,,6894.0,31358,1219277,
2017,2017-01-02,TOTALS,3646122,1259956,1106514,,7198.0,32191,1240263,
2017,2017-04-01,TOTALS,3636504,1259406,1102169,,7132.0,31886,1235911,
2017,2017-07-01,TOTALS,3650673,1264154,1104927,,7109.0,31951,1242532,
2017,2017-10-01,TOTALS,3665316,1268748,1106675,,7073.0,31941,1250879,
2018,2018-01-02,TOTALS,3634091,1262989,1096747,,6938.0,31554,1235863,
2018,2018-03-01,TOTALS,3610377,1258994,1090310,,6782.0,31072,1223219,
2018,2018-08-28,TOTALS,3632337,1264295,1111580,,6569.0,31177,1218716,
2018,2018-11-06,TOTALS,3716161,1288332,1151745,,6463.0,31583,1238038,
2019,2019-01-02,TOTALS,3782218,1313023,1172216,,6610.0,32374,1257995,
2019,2019-04-01,TOTALS,3774016,1312638,1170825,,6450.0,32056,1252047,
2019,2019-07-01,TOTALS,3821039,1329409,1185612,,6420.0,32258,1267340,
2019,2019-10-01,TOTALS,3875852,1347548,1207031,,6405.0,32514,1282354,
2020,2020-01-02,TOTALS,3926649,1363935,1228745,,0.0,32677,1301292,
2020,2020-03-17,TOTALS,3913008,1360293,1261935,,0.0,31840,1258940,
2020,2020-04-01,TOTALS,3929260,1370887,1277242,,,31752,1249379,
2020,2020-08-04,TOTALS,3985210,1389446,1283521,,,32830,1279413,
2020,2020-11-03,TOTALS,4281152,1508778,1378324,,,38385,1355665,
2021,2021-01-02,TOTALS,4300058,1520328,1380405,,,38427,1360898,
2021,2021-04-01,TOTALS,4292330,1496769,1374001,,,37948,1383612,
2021,2021-07-01,TOTALS,4320372,1499862,1374540,,,37364,1408606,
2021,2021-10-01,TOTALS,4349842,1504990,1372884,,,36839,1435129,
2022,2022-01-02,TOTALS,4351446,1501302,1364178,,,36249,1449717,
2022,2022-04-01,TOTALS,4290348,1478781,1334001,,,34753,1442813,
2022,2022-08-02,TOTALS,4173748,1440250,1291221,,,32779,1409498,
2022,2022-11-08,TOTALS,4143929,1436852,1270544,,,32148,1404385,
2023,2023-01-01,TOTALS,4161736,1443142,1270613,,,32961,1415020,
2023,2023-01-01,TOTALS,4161736,1443142,1270613,,,32961,1415020,0.0
2023,2023-04-01,TOTALS,4168416,1441026,1263056,,,33367,1430950,17.0
2023,2023-07-01,TOTALS,4198726,1445127,1260659,,,33738,1450697,8505.0
2023,2023-10-01,TOTALS,4209527,1444953,1252630,,0.0,33713,1459432,18799.0
2024,2024-01-01,TOTALS,4101308,1418407,1211940,,2514.0,32438,1410085,25924.0
2024,2024-03-19,TOTALS,4096260,1436757,1200191,,2723.0,31959,1396999,27631.0
2024,2024-04-01,TOTALS,4058320,1434982,1192205,,2796.0,31164,1369644,27529.0
2024,2024-07-30,TOTALS,4109270,1454966,1195696,,3344.0,30934,1395298,29032.0
2024,2024-11-05,TOTALS,4367593,1562091,1266536,,4187.0,31132,1471309,32338.0
2025,2025-01-02,TOTALS,4462819,1603409,1289116,,4687.0,31859,1499008,34740.0
2025,2025-04-01,TOTALS,4463365,1602308,1278195,,4869.0,31889,1509319,36785.0
2025,2025-07-01,TOTALS,4470621,1597705,1270307,,5045.0,31905,1525855,39804.0
2025,2025-10-01,TOTALS,4498995,1603141,1269886,,5212.0,32026,1546453,42277.0
2026,2026-01-01,TOTALS,4331999,1550566,1219616,,5058.0,30648,1484627,41484.0
2026,2026-04-01,TOTALS,4340860,1542604,1221223,,5192.0,30748,1496589,44504.0
2026,2026-07-21,TOTALS,4306554,1523886,1210510,,5312.0,30415,1490185,46246.0
2014,2014-01-02,Yavapai,122091,53738,25451,9.0,0.0,930,41963,
2014,2014-11-04,Yavapai,123301,53512,24676,10.0,0.0,944,44159,
2015,2015-01-02,Yavapai,124239,53901,24678,10.0,238.0,960,44452,
2015,2015-04-01,Yavapai,123657,53410,24308,9.0,230.0,949,44751,
2015,2015-07-01,Yavapai,123953,53269,24281,8.0,236.0,962,45197,
2015,2015-10-01,Yavapai,124443,53412,24283,10.0,220.0,957,45561,
2016,2016-01-02,Yavapai,125736,54152,24512,0.0,217.0,959,45896,
2016,2016-03-01,Yavapai,127494,55878,25965,0.0,214.0,928,44509,
2016,2016-05-01,Yavapai,130260,57715,26980,,201.0,920,44444,
2016,2016-08-30,Yavapai,130335,58732,27184,,244.0,951,43224,
2016,2016-11-08,Yavapai,137390,61907,28624,,302.0,1096,45461,
2017,2017-01-02,Yavapai,139755,63161,28951,,325.0,1140,46178,
2017,2017-04-01,Yavapai,139519,63201,28768,,320.0,1122,46108,
2017,2017-07-01,Yavapai,139410,63255,28642,,313.0,1107,46093,
2017,2017-10-01,Yavapai,136278,62080,27852,,308.0,1053,44985,
2018,2018-01-02,Yavapai,137903,62866,28062,,305.0,1078,45592,
2018,2018-03-01,Yavapai,136337,62446,27664,,293.0,1058,44876,
2018,2018-08-28,Yavapai,136470,63229,27846,,273.0,1041,44081,
2018,2018-11-06,Yavapai,140724,65421,29003,,272.0,1057,44971,
2019,2019-01-02,Yavapai,145038,67484,29859,,280.0,1094,46321,
2019,2019-04-01,Yavapai,143337,67066,29453,,269.0,1063,45486,
2019,2019-07-01,Yavapai,144249,67717,29603,,269.0,1073,45587,
2019,2019-10-01,Yavapai,145941,68849,30043,,268.0,1087,45694,
2020,2020-01-02,Yavapai,146292,69499,30245,,0.0,1081,45467,
2020,2020-03-17,Yavapai,148738,70989,31856,,0.0,1130,44763,
2020,2020-04-01,Yavapai,150603,72100,32874,,,1140,44489,
2020,2020-08-04,Yavapai,149903,72027,32909,,,1155,43812,
2020,2020-11-03,Yavapai,165361,80521,35535,,,1400,47905,
2021,2021-01-02,Yavapai,166417,81364,35469,,,1418,48166,
2021,2021-04-01,Yavapai,165821,80181,35123,,,1401,49116,
2021,2021-07-01,Yavapai,164818,79736,34490,,,1378,49214,
2021,2021-10-01,Yavapai,164899,79847,34078,,,1363,49611,
2022,2022-01-02,Yavapai,164956,79943,33634,,,1337,50042,
2022,2022-04-01,Yavapai,164423,79843,33040,,,1304,50236,
2022,2022-08-02,Yavapai,161391,79344,31965,,,1247,48835,
2022,2022-11-08,Yavapai,166052,81695,32326,,,1307,50724,
2023,2023-01-01,Yavapai,166955,82240,32246,,,1331,51138,
2023,2023-01-01,Yavapai,166955,82240,32246,,,1331,51138,0.0
2023,2023-04-01,Yavapai,166401,81684,31912,,,1331,51474,0.0
2023,2023-07-01,Yavapai,167419,81917,31789,,,1349,52035,329.0
2023,2023-10-01,Yavapai,167733,82144,31422,,0.0,1364,52119,684.0
2024,2024-01-01,Yavapai,167131,83518,31307,,0.0,1347,50062,897.0
2024,2024-03-19,Yavapai,168292,86169,31650,,11.0,1302,48204,956.0
2024,2024-04-01,Yavapai,167198,86072,31370,,21.0,1268,47491,976.0
2024,2024-07-30,Yavapai,166670,86128,30958,,48.0,1238,47324,974.0
2024,2024-11-05,Yavapai,175209,90537,32540,,74.0,1285,49675,1098.0
2025,2025-01-02,Yavapai,178193,92563,32707,,84.0,1331,50347,1161.0
2025,2025-04-01,Yavapai,178781,92732,32422,,93.0,1342,50963,1229.0
2025,2025-07-01,Yavapai,179310,92828,32129,,106.0,1371,51542,1334.0
2025,2025-10-01,Yavapai,179244,92798,31792,,119.0,1385,51731,1419.0
2026,2026-01-01,Yavapai,178293,92304,31315,,122.0,1410,51652,1490.0
2026,2026-04-01,Yavapai,176065,90818,30846,,128.0,1403,51268,1602.0
2026,2026-07-21,Yavapai,172971,89231,30342,,127.0,1376,50288,1607.0
2014,2014-01-02,Yuma,82020,23781,27259,6.0,0.0,576,30398,
2014,2014-11-04,Yuma,76977,22096,25596,6.0,0.0,512,28767,
2015,2015-01-02,Yuma,77863,22237,25640,8.0,32.0,520,29426,
2015,2015-04-01,Yuma,73261,20868,24239,7.0,29.0,473,27645,
2015,2015-07-01,Yuma,73089,20607,23876,7.0,28.0,475,28096,
2015,2015-10-01,Yuma,73719,20343,23560,8.0,28.0,459,29321,
2016,2016-01-02,Yuma,73043,20073,23068,0.0,26.0,448,29428,
2016,2016-03-01,Yuma,74189,20399,23365,0.0,26.0,450,29949,
2016,2016-05-01,Yuma,76927,21742,24674,,30.0,457,30024,
2016,2016-08-30,Yuma,78020,22242,25340,,43.0,467,29928,
2016,2016-11-08,Yuma,84254,23917,29133,,67.0,530,30607,
2017,2017-01-02,Yuma,86935,24815,30015,,71.0,552,31482,
2017,2017-04-01,Yuma,87024,24926,29837,,74.0,550,31637,
2017,2017-07-01,Yuma,87835,25133,29967,,73.0,553,32109,
2017,2017-10-01,Yuma,85868,24440,29404,,66.0,560,31398,
2018,2018-01-02,Yuma,86190,24553,29319,,64.0,562,31692,
2018,2018-03-01,Yuma,87135,24831,29518,,63.0,568,32155,
2018,2018-08-28,Yuma,85306,24248,29072,,58.0,558,31370,
2018,2018-11-06,Yuma,87457,24714,29944,,60.0,570,32169,
2019,2019-01-02,Yuma,90366,25925,30807,,66.0,590,32978,
2019,2019-04-01,Yuma,90694,26274,30809,,70.0,592,32949,
2019,2019-07-01,Yuma,91923,26792,31084,,72.0,606,33369,
2019,2019-10-01,Yuma,92665,27047,31216,,77.0,605,33720,
2020,2020-01-02,Yuma,94556,27843,31705,,0.0,602,34406,
2020,2020-03-17,Yuma,95281,28374,31914,,0.0,599,34394,
2020,2020-04-01,Yuma,96309,28917,32224,,,596,34572,
2020,2020-08-04,Yuma,96122,29158,32244,,,624,34096,
2020,2020-11-03,Yuma,103273,32233,34155,,,769,36116,
2021,2021-01-02,Yuma,104944,32905,34477,,,777,36785,
2021,2021-04-01,Yuma,103979,32199,34128,,,755,36897,
2021,2021-07-01,Yuma,104785,32400,34097,,,751,37537,
2021,2021-10-01,Yuma,105626,32633,34118,,,745,38130,
2022,2022-01-02,Yuma,106368,32815,34051,,,732,38770,
2022,2022-04-01,Yuma,102893,31329,32919,,,657,37988,
2022,2022-08-02,Yuma,103381,31345,32330,,,645,39061,
2022,2022-11-08,Yuma,105133,31698,32090,,,647,40698,
2023,2023-01-01,Yuma,105354,32052,31960,,,663,40679,
2023,2023-01-01,Yuma,105354,32052,31960,,,663,40679,0.0
2023,2023-04-01,Yuma,105845,32207,31854,,,681,41103,0.0
2023,2023-07-01,Yuma,106625,32479,31798,,,680,41431,237.0
2023,2023-10-01,Yuma,103378,31484,30835,,0.0,645,39949,465.0
2024,2024-01-01,Yuma,103620,31502,30334,,0.0,648,40506,630.0
2024,2024-03-19,Yuma,103767,31551,29988,,36.0,641,40880,671.0
2024,2024-04-01,Yuma,104569,32131,29934,,41.0,641,41138,684.0
2024,2024-07-30,Yuma,106325,32914,29554,,41.0,622,42528,666.0
2024,2024-11-05,Yuma,111666,35703,30363,,53.0,625,44209,713.0
2025,2025-01-02,Yuma,113303,37037,30613,,63.0,624,44227,739.0
2025,2025-04-01,Yuma,113011,36982,30216,,63.0,610,44387,753.0
2025,2025-07-01,Yuma,111923,36655,29726,,62.0,599,44128,753.0
2025,2025-10-01,Yuma,112455,36715,29583,,65.0,605,44711,776.0
2026,2026-01-01,Yuma,112202,36527,29463,,71.0,606,44718,817.0
2026,2026-04-01,Yuma,113106,36638,29579,,76.0,620,45278,915.0
2026,2026-07-21,Yuma,109840,35318,28904,,83.0,591,44000,944.0
