Year,Date,County,Total,All
2016,03/15/2016,Adams,16368,16368
2016,03/15/2016,Allen,66846,66846
2016,03/15/2016,Ashland,34583,34583
2016,03/15/2016,Ashtabula,58877,58877
2016,03/15/2016,Athens,39384,39384
2016,03/15/2016,Auglaize,31061,31061
2016,03/15/2016,Belmont,45936,45936
2016,03/15/2016,Brown,27532,27532
2016,03/15/2016,Butler,237211,237211
2016,03/15/2016,Carroll,17577,17577
2016,03/15/2016,Champaign,25148,25148
2016,03/15/2016,Clark,86688,86688
2016,03/15/2016,Clermont,138119,138119
2016,03/15/2016,Clinton,25465,25465
2016,03/15/2016,Columbiana,63705,63705
2016,03/15/2016,Coshocton,22400,22400
2016,03/15/2016,Crawford,27521,27521
2016,03/15/2016,Cuyahoga,848720,848720
2016,03/15/2016,Darke,33319,33319
2016,03/15/2016,Defiance,24945,24945
2016,03/15/2016,Delaware,126883,126883
2016,03/15/2016,Erie,51537,51537
2016,03/15/2016,Fairfield,96278,96278
2016,03/15/2016,Fayette,15749,15749
2016,03/15/2016,Franklin,799727,799727
2016,03/15/2016,Fulton,28191,28191
2016,03/15/2016,Gallia,18167,18167
2016,03/15/2016,Geauga,62899,62899
2016,03/15/2016,Greene,109056,109056
2016,03/15/2016,Guernsey,23625,23625
2016,03/15/2016,Hamilton,550188,550188
2016,03/15/2016,Hancock,49173,49173
2016,03/15/2016,Hardin,17595,17595
2016,03/15/2016,Harrison,9882,9882
2016,03/15/2016,Henry,18934,18934
2016,03/15/2016,Highland,26891,26891
2016,03/15/2016,Hocking,17947,17947
2016,03/15/2016,Holmes,17484,17484
2016,03/15/2016,Huron,36377,36377
2016,03/15/2016,Jackson,20963,20963
2016,03/15/2016,Jefferson,46383,46383
2016,03/15/2016,Knox,38965,38965
2016,03/15/2016,Lake,149652,149652
2016,03/15/2016,Lawrence,42685,42685
2016,03/15/2016,Licking,112379,112379
2016,03/15/2016,Logan,29864,29864
2016,03/15/2016,Lorain,198184,198184
2016,03/15/2016,Lucas,289776,289776
2016,03/15/2016,Madison,23342,23342
2016,03/15/2016,Mahoning,160995,160995
2016,03/15/2016,Marion,38745,38745
2016,03/15/2016,Medina,116969,116969
2016,03/15/2016,Meigs,14702,14702
2016,03/15/2016,Mercer,28360,28360
2016,03/15/2016,Miami,70505,70505
2016,03/15/2016,Monroe,9500,9500
2016,03/15/2016,Montgomery,358809,358809
2016,03/15/2016,Morgan,8722,8722
2016,03/15/2016,Morrow,24424,24424
2016,03/15/2016,Muskingum,52460,52460
2016,03/15/2016,Noble,8007,8007
2016,03/15/2016,Ottawa,29683,29683
2016,03/15/2016,Paulding,12419,12419
2016,03/15/2016,Perry,21430,21430
2016,03/15/2016,Pickaway,32784,32784
2016,03/15/2016,Pike,17481,17481
2016,03/15/2016,Portage,100950,100950
2016,03/15/2016,Preble,27060,27060
2016,03/15/2016,Putnam,23237,23237
2016,03/15/2016,Richland,80545,80545
2016,03/15/2016,Ross,42363,42363
2016,03/15/2016,Sandusky,38714,38714
2016,03/15/2016,Scioto,45057,45057
2016,03/15/2016,Seneca,33499,33499
2016,03/15/2016,Shelby,33603,33603
2016,03/15/2016,Stark,243061,243061
2016,03/15/2016,Summit,344387,344387
2016,03/15/2016,Trumbull,136915,136915
2016,03/15/2016,Tuscarawas,56865,56865
2016,03/15/2016,Union,34553,34553
2016,03/15/2016,Van Wert,19258,19258
2016,03/15/2016,Vinton,8177,8177
2016,03/15/2016,Warren,146070,146070
2016,03/15/2016,Washington,40870,40870
2016,03/15/2016,Wayne,73064,73064
2016,03/15/2016,Williams,24140,24140
2016,03/15/2016,Wood,89220,89220
2016,03/15/2016,Wyandot,15400,15400
2016,03/15/2016,TOTALS,7563184,7563184
2016,11/08/2016,TOTALS,7861025,7861025
2016,11/08/2016,Adams,16945,16945
2016,11/08/2016,Allen,68054,68054
2016,11/08/2016,Ashland,35452,35452
2016,11/08/2016,Ashtabula,60624,60624
2016,11/08/2016,Athens,45418,45418
2016,11/08/2016,Auglaize,31666,31666
2016,11/08/2016,Belmont,46971,46971
2016,11/08/2016,Brown,28405,28405
2016,11/08/2016,Butler,247972,247972
2016,11/08/2016,Carroll,18002,18002
2016,11/08/2016,Champaign,25696,25696
2016,11/08/2016,Clark,89006,89006
2016,11/08/2016,Clermont,136454,136454
2016,11/08/2016,Clinton,26351,26351
2016,11/08/2016,Columbiana,65637,65637
2016,11/08/2016,Coshocton,22905,22905
2016,11/08/2016,Crawford,28096,28096
2016,11/08/2016,Cuyahoga,890626,890626
2016,11/08/2016,Darke,34063,34063
2016,11/08/2016,Defiance,25629,25629
2016,11/08/2016,Delaware,133074,133074
2016,11/08/2016,Erie,53103,53103
2016,11/08/2016,Fairfield,100115,100115
2016,11/08/2016,Fayette,16247,16247
2016,11/08/2016,Franklin,843481,843481
2016,11/08/2016,Fulton,29058,29058
2016,11/08/2016,Gallia,18831,18831
2016,11/08/2016,Geauga,64856,64856
2016,11/08/2016,Greene,114521,114521
2016,11/08/2016,Guernsey,24186,24186
2016,11/08/2016,Hamilton,580341,580341
2016,11/08/2016,Hancock,50411,50411
2016,11/08/2016,Hardin,18035,18035
2016,11/08/2016,Harrison,10056,10056
2016,11/08/2016,Henry,19315,19315
2016,11/08/2016,Highland,27621,27621
2016,11/08/2016,Hocking,18444,18444
2016,11/08/2016,Holmes,17938,17938
2016,11/08/2016,Huron,35732,35732
2016,11/08/2016,Jackson,21235,21235
2016,11/08/2016,Jefferson,47714,47714
2016,11/08/2016,Knox,40590,40590
2016,11/08/2016,Lake,155424,155424
2016,11/08/2016,Lawrence,44143,44143
2016,11/08/2016,Licking,117019,117019
2016,11/08/2016,Logan,30684,30684
2016,11/08/2016,Lorain,206401,206401
2016,11/08/2016,Lucas,300920,300920
2016,11/08/2016,Madison,24035,24035
2016,11/08/2016,Mahoning,166107,166107
2016,11/08/2016,Marion,39530,39530
2016,11/08/2016,Medina,121238,121238
2016,11/08/2016,Meigs,15148,15148
2016,11/08/2016,Mercer,28731,28731
2016,11/08/2016,Miami,72257,72257
2016,11/08/2016,Monroe,9641,9641
2016,11/08/2016,Montgomery,372674,372674
2016,11/08/2016,Morgan,9005,9005
2016,11/08/2016,Morrow,24860,24860
2016,11/08/2016,Muskingum,53925,53925
2016,11/08/2016,Noble,8117,8117
2016,11/08/2016,Ottawa,29606,29606
2016,11/08/2016,Paulding,12699,12699
2016,11/08/2016,Perry,22087,22087
2016,11/08/2016,Pickaway,34056,34056
2016,11/08/2016,Pike,18243,18243
2016,11/08/2016,Portage,107183,107183
2016,11/08/2016,Preble,27815,27815
2016,11/08/2016,Putnam,23507,23507
2016,11/08/2016,Richland,81942,81942
2016,11/08/2016,Ross,44003,44003
2016,11/08/2016,Sandusky,39691,39691
2016,11/08/2016,Scioto,46386,46386
2016,11/08/2016,Seneca,34399,34399
2016,11/08/2016,Shelby,33984,33984
2016,11/08/2016,Stark,249902,249902
2016,11/08/2016,Summit,360766,360766
2016,11/08/2016,Trumbull,140077,140077
2016,11/08/2016,Tuscarawas,58365,58365
2016,11/08/2016,Union,36206,36206
2016,11/08/2016,Van Wert,19668,19668
2016,11/08/2016,Vinton,8349,8349
2016,11/08/2016,Warren,152192,152192
2016,11/08/2016,Washington,42319,42319
2016,11/08/2016,Wayne,74772,74772
2016,11/08/2016,Williams,24736,24736
2016,11/08/2016,Wood,93751,93751
2016,11/08/2016,Wyandot,15586,15586
2017,11/07/2017,TOTALS,7906818,7906818
2017,11/07/2017,Adams,17102,17102
2017,11/07/2017,Allen,68851,68851
2017,11/07/2017,Ashland,35498,35498
2017,11/07/2017,Ashtabula,61298,61298
2017,11/07/2017,Athens,45165,45165
2017,11/07/2017,Auglaize,31831,31831
2017,11/07/2017,Belmont,47101,47101
2017,11/07/2017,Brown,28625,28625
2017,11/07/2017,Butler,250035,250035
2017,11/07/2017,Carroll,18189,18189
2017,11/07/2017,Champaign,25958,25958
2017,11/07/2017,Clark,89297,89297
2017,11/07/2017,Clermont,138047,138047
2017,11/07/2017,Clinton,26753,26753
2017,11/07/2017,Columbiana,65928,65928
2017,11/07/2017,Coshocton,22943,22943
2017,11/07/2017,Crawford,28248,28248
2017,11/07/2017,Cuyahoga,883890,883890
2017,11/07/2017,Darke,34341,34341
2017,11/07/2017,Defiance,25963,25963
2017,11/07/2017,Delaware,135778,135778
2017,11/07/2017,Erie,53324,53324
2017,11/07/2017,Fairfield,101322,101322
2017,11/07/2017,Fayette,16414,16414
2017,11/07/2017,Franklin,853896,853896
2017,11/07/2017,Fulton,29227,29227
2017,11/07/2017,Gallia,19103,19103
2017,11/07/2017,Geauga,65478,65478
2017,11/07/2017,Greene,115339,115339
2017,11/07/2017,Guernsey,24242,24242
2017,11/07/2017,Hamilton,583130,583130
2017,11/07/2017,Hancock,50902,50902
2017,11/07/2017,Hardin,18194,18194
2017,11/07/2017,Harrison,10118,10118
2017,11/07/2017,Henry,19426,19426
2017,11/07/2017,Highland,27774,27774
2017,11/07/2017,Hocking,18443,18443
2017,11/07/2017,Holmes,17968,17968
2017,11/07/2017,Huron,35945,35945
2017,11/07/2017,Jackson,21321,21321
2017,11/07/2017,Jefferson,47833,47833
2017,11/07/2017,Knox,41189,41189
2017,11/07/2017,Lake,156110,156110
2017,11/07/2017,Lawrence,45043,45043
2017,11/07/2017,Licking,118660,118660
2017,11/07/2017,Logan,31279,31279
2017,11/07/2017,Lorain,207865,207865
2017,11/07/2017,Lucas,301621,301621
2017,11/07/2017,Madison,24293,24293
2017,11/07/2017,Mahoning,166657,166657
2017,11/07/2017,Marion,39757,39757
2017,11/07/2017,Medina,122391,122391
2017,11/07/2017,Meigs,15376,15376
2017,11/07/2017,Mercer,29064,29064
2017,11/07/2017,Miami,73041,73041
2017,11/07/2017,Monroe,9710,9710
2017,11/07/2017,Montgomery,374519,374519
2017,11/07/2017,Morgan,9064,9064
2017,11/07/2017,Morrow,25007,25007
2017,11/07/2017,Muskingum,54277,54277
2017,11/07/2017,Noble,8159,8159
2017,11/07/2017,Ottawa,29810,29810
2017,11/07/2017,Paulding,12787,12787
2017,11/07/2017,Perry,22415,22415
2017,11/07/2017,Pickaway,34481,34481
2017,11/07/2017,Pike,18495,18495
2017,11/07/2017,Portage,107872,107872
2017,11/07/2017,Preble,28271,28271
2017,11/07/2017,Putnam,23681,23681
2017,11/07/2017,Richland,82075,82075
2017,11/07/2017,Ross,44590,44590
2017,11/07/2017,Sandusky,39766,39766
2017,11/07/2017,Scioto,46792,46792
2017,11/07/2017,Seneca,34350,34350
2017,11/07/2017,Shelby,32946,32946
2017,11/07/2017,Stark,250584,250584
2017,11/07/2017,Summit,362952,362952
2017,11/07/2017,Trumbull,139818,139818
2017,11/07/2017,Tuscarawas,58680,58680
2017,11/07/2017,Union,37001,37001
2017,11/07/2017,Van Wert,19953,19953
2017,11/07/2017,Vinton,8425,8425
2017,11/07/2017,Warren,155192,155192
2017,11/07/2017,Washington,42771,42771
2017,11/07/2017,Wayne,74679,74679
2017,11/07/2017,Williams,25176,25176
2017,11/07/2017,Wood,94309,94309
2017,11/07/2017,Wyandot,15625,15625
2018,05/08/2018,Adams,17139,17139
2018,05/08/2018,Allen,68871,68871
2018,05/08/2018,Ashland,35517,35517
2018,05/08/2018,Ashtabula,61657,61657
2018,05/08/2018,Athens,44850,44850
2018,05/08/2018,Auglaize,31959,31959
2018,05/08/2018,Belmont,47277,47277
2018,05/08/2018,Brown,28715,28715
2018,05/08/2018,Butler,251149,251149
2018,05/08/2018,Carroll,18246,18246
2018,05/08/2018,Champaign,26197,26197
2018,05/08/2018,Clark,89536,89536
2018,05/08/2018,Clermont,139084,139084
2018,05/08/2018,Clinton,26876,26876
2018,05/08/2018,Columbiana,66078,66078
2018,05/08/2018,Coshocton,22987,22987
2018,05/08/2018,Crawford,28370,28370
2018,05/08/2018,Cuyahoga,885553,885553
2018,05/08/2018,Darke,34408,34408
2018,05/08/2018,Defiance,26084,26084
2018,05/08/2018,Delaware,137994,137994
2018,05/08/2018,Erie,53487,53487
2018,05/08/2018,Fairfield,102059,102059
2018,05/08/2018,Fayette,16548,16548
2018,05/08/2018,Franklin,858863,858863
2018,05/08/2018,Fulton,29372,29372
2018,05/08/2018,Gallia,19189,19189
2018,05/08/2018,Geauga,65856,65856
2018,05/08/2018,Greene,115964,115964
2018,05/08/2018,Guernsey,24254,24254
2018,05/08/2018,Hamilton,585767,585767
2018,05/08/2018,Hancock,51126,51126
2018,05/08/2018,Hardin,18253,18253
2018,05/08/2018,Harrison,10222,10222
2018,05/08/2018,Henry,19477,19477
2018,05/08/2018,Highland,27773,27773
2018,05/08/2018,Hocking,18513,18513
2018,05/08/2018,Holmes,17962,17962
2018,05/08/2018,Huron,36044,36044
2018,05/08/2018,Jackson,21406,21406
2018,05/08/2018,Jefferson,48136,48136
2018,05/08/2018,Knox,41558,41558
2018,05/08/2018,Lake,156434,156434
2018,05/08/2018,Lawrence,45385,45385
2018,05/08/2018,Licking,119702,119702
2018,05/08/2018,Logan,31424,31424
2018,05/08/2018,Lorain,209160,209160
2018,05/08/2018,Lucas,302611,302611
2018,05/08/2018,Madison,24508,24508
2018,05/08/2018,Mahoning,167357,167357
2018,05/08/2018,Marion,39919,39919
2018,05/08/2018,Medina,123059,123059
2018,05/08/2018,Meigs,15483,15483
2018,05/08/2018,Mercer,29190,29190
2018,05/08/2018,Miami,73456,73456
2018,05/08/2018,Monroe,9741,9741
2018,05/08/2018,Montgomery,376097,376097
2018,05/08/2018,Morgan,9111,9111
2018,05/08/2018,Morrow,25091,25091
2018,05/08/2018,Muskingum,54486,54486
2018,05/08/2018,Noble,8185,8185
2018,05/08/2018,Ottawa,30048,30048
2018,05/08/2018,Paulding,12889,12889
2018,05/08/2018,Perry,22535,22535
2018,05/08/2018,Pickaway,34605,34605
2018,05/08/2018,Pike,18667,18667
2018,05/08/2018,Portage,108359,108359
2018,05/08/2018,Preble,28431,28431
2018,05/08/2018,Putnam,23787,23787
2018,05/08/2018,Richland,82271,82271
2018,05/08/2018,Ross,44769,44769
2018,05/08/2018,Sandusky,39950,39950
2018,05/08/2018,Scioto,46986,46986
2018,05/08/2018,Seneca,34462,34462
2018,05/08/2018,Shelby,32648,32648
2018,05/08/2018,Stark,251240,251240
2018,05/08/2018,Summit,364165,364165
2018,05/08/2018,Trumbull,140389,140389
2018,05/08/2018,Tuscarawas,58773,58773
2018,05/08/2018,Union,37642,37642
2018,05/08/2018,Vanwert,19981,19981
2018,05/08/2018,Vinton,8532,8532
2018,05/08/2018,Warren,157087,157087
2018,05/08/2018,Washington,43042,43042
2018,05/08/2018,Wayne,74733,74733
2018,05/08/2018,Williams,25271,25271
2018,05/08/2018,Wood,94219,94219
2018,05/08/2018,Wyandot,15665,15665
2018,05/08/2018,TOTALS,7941921,7941921
2018,11/06/2018,TOTALS,8070917.0,8070917.0
2018,11/06/2018,Adams,17264.0,17264.0
2018,11/06/2018,Allen,69338.0,69338.0
2018,11/06/2018,Ashland,35529.0,35529.0
2018,11/06/2018,Ashtabula,62311.0,62311.0
2018,11/06/2018,Athens,45318.0,45318.0
2018,11/06/2018,Auglaize,32253.0,32253.0
2018,11/06/2018,Belmont,47702.0,47702.0
2018,11/06/2018,Brown,28950.0,28950.0
2018,11/06/2018,Butler,254708.0,254708.0
2018,11/06/2018,Carroll,18315.0,18315.0
2018,11/06/2018,Champaign,26398.0,26398.0
2018,11/06/2018,Clark,90384.0,90384.0
2018,11/06/2018,Clermont,141345.0,141345.0
2018,11/06/2018,Clinton,27252.0,27252.0
2018,11/06/2018,Columbiana,66688.0,66688.0
2018,11/06/2018,Coshocton,23119.0,23119.0
2018,11/06/2018,Crawford,28557.0,28557.0
2018,11/06/2018,Cuyahoga,902652.0,902652.0
2018,11/06/2018,Darke,34566.0,34566.0
2018,11/06/2018,Defiance,26283.0,26283.0
2018,11/06/2018,Delaware,141937.0,141937.0
2018,11/06/2018,Erie,54213.0,54213.0
2018,11/06/2018,Fairfield,103718.0,103718.0
2018,11/06/2018,Fayette,16737.0,16737.0
2018,11/06/2018,Franklin,881645.0,881645.0
2018,11/06/2018,Fulton,29612.0,29612.0
2018,11/06/2018,Gallia,19362.0,19362.0
2018,11/06/2018,Geauga,66730.0,66730.0
2018,11/06/2018,Greene,117957.0,117957.0
2018,11/06/2018,Guernsey,24521.0,24521.0
2018,11/06/2018,Hamilton,597883.0,597883.0
2018,11/06/2018,Hancock,51652.0,51652.0
2018,11/06/2018,Hardin,18355.0,18355.0
2018,11/06/2018,Harrison,10277.0,10277.0
2018,11/06/2018,Henry,19543.0,19543.0
2018,11/06/2018,Highland,27978.0,27978.0
2018,11/06/2018,Hocking,18653.0,18653.0
2018,11/06/2018,Holmes,18113.0,18113.0
2018,11/06/2018,Huron,36408.0,36408.0
2018,11/06/2018,Jackson,21501.0,21501.0
2018,11/06/2018,Jefferson,48463.0,48463.0
2018,11/06/2018,Knox,42292.0,42292.0
2018,11/06/2018,Lake,158698.0,158698.0
2018,11/06/2018,Lawrence,45881.0,45881.0
2018,11/06/2018,Licking,121698.0,121698.0
2018,11/06/2018,Logan,31666.0,31666.0
2018,11/06/2018,Lorain,214629.0,214629.0
2018,11/06/2018,Lucas,307175.0,307175.0
2018,11/06/2018,Madison,24921.0,24921.0
2018,11/06/2018,Mahoning,169621.0,169621.0
2018,11/06/2018,Marion,40303.0,40303.0
2018,11/06/2018,Medina,124922.0,124922.0
2018,11/06/2018,Meigs,15620.0,15620.0
2018,11/06/2018,Mercer,29411.0,29411.0
2018,11/06/2018,Miami,74338.0,74338.0
2018,11/06/2018,Monroe,9781.0,9781.0
2018,11/06/2018,Montgomery,381738.0,381738.0
2018,11/06/2018,Morgan,9196.0,9196.0
2018,11/06/2018,Morrow,25316.0,25316.0
2018,11/06/2018,Muskingum,55015.0,55015.0
2018,11/06/2018,Noble,8223.0,8223.0
2018,11/06/2018,Ottawa,30288.0,30288.0
2018,11/06/2018,Paulding,12964.0,12964.0
2018,11/06/2018,Perry,22675.0,22675.0
2018,11/06/2018,Pickaway,35186.0,35186.0
2018,11/06/2018,Pike,18833.0,18833.0
2018,11/06/2018,Portage,109364.0,109364.0
2018,11/06/2018,Preble,28686.0,28686.0
2018,11/06/2018,Putnam,23828.0,23828.0
2018,11/06/2018,Richland,83033.0,83033.0
2018,11/06/2018,Ross,45142.0,45142.0
2018,11/06/2018,Sandusky,40236.0,40236.0
2018,11/06/2018,Scioto,47413.0,47413.0
2018,11/06/2018,Seneca,34681.0,34681.0
2018,11/06/2018,Shelby,32997.0,32997.0
2018,11/06/2018,Stark,254569.0,254569.0
2018,11/06/2018,Summit,373089.0,373089.0
2018,11/06/2018,Trumbull,141548.0,141548.0
2018,11/06/2018,Tuscarawas,59228.0,59228.0
2018,11/06/2018,Union,38670.0,38670.0
2018,11/06/2018,Van Wert,20151.0,20151.0
2018,11/06/2018,Vinton,8572.0,8572.0
2018,11/06/2018,Warren,160431.0,160431.0
2018,11/06/2018,Washington,43323.0,43323.0
2018,11/06/2018,Wayne,75115.0,75115.0
2018,11/06/2018,Williams,25562.0,25562.0
2018,11/06/2018,Wood,94928.0,94928.0
2018,11/06/2018,Wyandot,15771.0,15771.0
2020,03/17/2020,TOTALS,7774767,7774767
2020,03/17/2020,Adams,16579,16579
2020,03/17/2020,Allen,65254,65254
2020,03/17/2020,Ashland,33820,33820
2020,03/17/2020,Ashtabula,59068,59068
2020,03/17/2020,Athens,40917,40917
2020,03/17/2020,Auglaize,31460,31460
2020,03/17/2020,Belmont,45007,45007
2020,03/17/2020,Brown,27829,27829
2020,03/17/2020,Butler,247051,247051
2020,03/17/2020,Carroll,17762,17762
2020,03/17/2020,Champaign,25617,25617
2020,03/17/2020,Clark,86997,86997
2020,03/17/2020,Clermont,138224,138224
2020,03/17/2020,Clinton,26467,26467
2020,03/17/2020,Columbiana,63554,63554
2020,03/17/2020,Coshocton,22042,22042
2020,03/17/2020,Crawford,27482,27482
2020,03/17/2020,Cuyahoga,858041,858041
2020,03/17/2020,Darke,33448,33448
2020,03/17/2020,Defiance,25630,25630
2020,03/17/2020,Delaware,143283,143283
2020,03/17/2020,Erie,52177,52177
2020,03/17/2020,Fairfield,103571,103571
2020,03/17/2020,Fayette,16242,16242
2020,03/17/2020,Franklin,851829,851829
2020,03/17/2020,Fulton,28623,28623
2020,03/17/2020,Gallia,18243,18243
2020,03/17/2020,Geauga,65082,65082
2020,03/17/2020,Greene,114372,114372
2020,03/17/2020,Guernsey,23503,23503
2020,03/17/2020,Hamilton,581619,581619
2020,03/17/2020,Hancock,49831,49831
2020,03/17/2020,Hardin,17552,17552
2020,03/17/2020,Harrison,9897,9897
2020,03/17/2020,Henry,19210,19210
2020,03/17/2020,Highland,26161,26161
2020,03/17/2020,Hocking,17972,17972
2020,03/17/2020,Holmes,17056,17056
2020,03/17/2020,Huron,35464,35464
2020,03/17/2020,Jackson,20231,20231
2020,03/17/2020,Jefferson,46650,46650
2020,03/17/2020,Knox,40531,40531
2020,03/17/2020,Lake,155170,155170
2020,03/17/2020,Lawrence,42659,42659
2020,03/17/2020,Licking,118744,118744
2020,03/17/2020,Logan,31129,31129
2020,03/17/2020,Lorain,208288,208288
2020,03/17/2020,Lucas,290394,290394
2020,03/17/2020,Madison,24627,24627
2020,03/17/2020,Mahoning,161049,161049
2020,03/17/2020,Marion,39093,39093
2020,03/17/2020,Medina,123155,123155
2020,03/17/2020,Meigs,14995,14995
2020,03/17/2020,Mercer,28837,28837
2020,03/17/2020,Miami,72455,72455
2020,03/17/2020,Monroe,9383,9383
2020,03/17/2020,Montgomery,360136,360136
2020,03/17/2020,Morgan,9008,9008
2020,03/17/2020,Morrow,24411,24411
2020,03/17/2020,Muskingum,52874,52874
2020,03/17/2020,Noble,7903,7903
2020,03/17/2020,Ottawa,29355,29355
2020,03/17/2020,Paulding,12355,12355
2020,03/17/2020,Perry,21599,21599
2020,03/17/2020,Pickaway,34494,34494
2020,03/17/2020,Pike,17409,17409
2020,03/17/2020,Portage,105104,105104
2020,03/17/2020,Preble,27765,27765
2020,03/17/2020,Putnam,23399,23399
2020,03/17/2020,Richland,79867,79867
2020,03/17/2020,Ross,43861,43861
2020,03/17/2020,Sandusky,39093,39093
2020,03/17/2020,Scioto,44305,44305
2020,03/17/2020,Seneca,33374,33374
2020,03/17/2020,Shelby,31790,31790
2020,03/17/2020,Stark,243389,243389
2020,03/17/2020,Summit,363496,363496
2020,03/17/2020,Trumbull,131369,131369
2020,03/17/2020,Tuscarawas,57547,57547
2020,03/17/2020,Union,38903,38903
2020,03/17/2020,Van Wert,19608,19608
2020,03/17/2020,Vinton,8300,8300
2020,03/17/2020,Warren,159109,159109
2020,03/17/2020,Washington,41038,41038
2020,03/17/2020,Wayne,71798,71798
2020,03/17/2020,Williams,24560,24560
2020,03/17/2020,Wood,91021,91021
2020,03/17/2020,Wyandot,15201,15201
2020,11/03/2020,TOTALS,8073829,8073829
2020,11/03/2020,Adams,17246,17246
2020,11/03/2020,Allen,67374,67374
2020,11/03/2020,Ashland,34837,34837
2020,11/03/2020,Ashtabula,61453,61453
2020,11/03/2020,Athens,39344,39344
2020,11/03/2020,Auglaize,32489,32489
2020,11/03/2020,Belmont,46315,46315
2020,11/03/2020,Brown,29069,29069
2020,11/03/2020,Butler,256908,256908
2020,11/03/2020,Carroll,18416,18416
2020,11/03/2020,Champaign,26492,26492
2020,11/03/2020,Clark,89826,89826
2020,11/03/2020,Clermont,145129,145129
2020,11/03/2020,Clinton,27616,27616
2020,11/03/2020,Columbiana,66293,66293
2020,11/03/2020,Coshocton,22730,22730
2020,11/03/2020,Crawford,28211,28211
2020,11/03/2020,Cuyahoga,888556,888556
2020,11/03/2020,Darke,34669,34669
2020,11/03/2020,Defiance,26411,26411
2020,11/03/2020,Delaware,151756,151756
2020,11/03/2020,Erie,54129,54129
2020,11/03/2020,Fairfield,109176,109176
2020,11/03/2020,Fayette,17180,17180
2020,11/03/2020,Franklin,882635,882635
2020,11/03/2020,Fulton,29496,29496
2020,11/03/2020,Gallia,18982,18982
2020,11/03/2020,Geauga,67969,67969
2020,11/03/2020,Greene,118938,118938
2020,11/03/2020,Guernsey,24549,24549
2020,11/03/2020,Hamilton,600386,600386
2020,11/03/2020,Hancock,51714,51714
2020,11/03/2020,Hardin,18211,18211
2020,11/03/2020,Harrison,10205,10205
2020,11/03/2020,Henry,19710,19710
2020,11/03/2020,Highland,27351,27351
2020,11/03/2020,Hocking,18645,18645
2020,11/03/2020,Holmes,18286,18286
2020,11/03/2020,Huron,36886,36886
2020,11/03/2020,Jackson,21013,21013
2020,11/03/2020,Jefferson,48167,48167
2020,11/03/2020,Knox,42320,42320
2020,11/03/2020,Lake,163936,163936
2020,11/03/2020,Lawrence,44119,44119
2020,11/03/2020,Licking,124208,124208
2020,11/03/2020,Logan,32218,32218
2020,11/03/2020,Lorain,218501,218501
2020,11/03/2020,Lucas,299794,299794
2020,11/03/2020,Madison,25827,25827
2020,11/03/2020,Mahoning,165259,165259
2020,11/03/2020,Marion,40262,40262
2020,11/03/2020,Medina,130169,130169
2020,11/03/2020,Meigs,15414,15414
2020,11/03/2020,Mercer,29398,29398
2020,11/03/2020,Miami,75470,75470
2020,11/03/2020,Monroe,9572,9572
2020,11/03/2020,Montgomery,372139,372139
2020,11/03/2020,Morgan,9262,9262
2020,11/03/2020,Morrow,25186,25186
2020,11/03/2020,Muskingum,55078,55078
2020,11/03/2020,Noble,8138,8138
2020,11/03/2020,Ottawa,30442,30442
2020,11/03/2020,Paulding,12811,12811
2020,11/03/2020,Perry,22541,22541
2020,11/03/2020,Pickaway,36306,36306
2020,11/03/2020,Pike,18124,18124
2020,11/03/2020,Portage,108884,108884
2020,11/03/2020,Preble,28654,28654
2020,11/03/2020,Putnam,23859,23859
2020,11/03/2020,Richland,82754,82754
2020,11/03/2020,Ross,46037,46037
2020,11/03/2020,Sandusky,40470,40470
2020,11/03/2020,Scioto,46120,46120
2020,11/03/2020,Seneca,34413,34413
2020,11/03/2020,Shelby,32843,32843
2020,11/03/2020,Stark,252972,252972
2020,11/03/2020,Summit,379673,379673
2020,11/03/2020,Trumbull,136895,136895
2020,11/03/2020,Tuscarawas,59638,59638
2020,11/03/2020,Union,41432,41432
2020,11/03/2020,Van Wert,20291,20291
2020,11/03/2020,Vinton,8627,8627
2020,11/03/2020,Warren,167606,167606
2020,11/03/2020,Washington,42774,42774
2020,11/03/2020,Wayne,74470,74470
2020,11/03/2020,Williams,25515,25515
2020,11/03/2020,Wood,93149,93149
2020,11/03/2020,Wyandot,15491,15491
2022,05/03/2022,TOTALS,7948302,7948302
2022,05/03/2022,Adams,17051,17051
2022,05/03/2022,Allen,66369,66369
2022,05/03/2022,Ashland,34426,34426
2022,05/03/2022,Ashtabula,60645,60645
2022,05/03/2022,Athens,38789,38789
2022,05/03/2022,Auglaize,32075,32075
2022,05/03/2022,Belmont,44658,44658
2022,05/03/2022,Brown,28641,28641
2022,05/03/2022,Butler,253180,253180
2022,05/03/2022,Carroll,18258,18258
2022,05/03/2022,Champaign,26230,26230
2022,05/03/2022,Clark,88003,88003
2022,05/03/2022,Clermont,143782,143782
2022,05/03/2022,Clinton,27215,27215
2022,05/03/2022,Columbiana,65184,65184
2022,05/03/2022,Coshocton,22289,22289
2022,05/03/2022,Crawford,27813,27813
2022,05/03/2022,Cuyahoga,872424,872424
2022,05/03/2022,Darke,34056,34056
2022,05/03/2022,Defiance,26226,26226
2022,05/03/2022,Delaware,153422,153422
2022,05/03/2022,Erie,53509,53509
2022,05/03/2022,Fairfield,108726,108726
2022,05/03/2022,Fayette,16893,16893
2022,05/03/2022,Franklin,865956,865956
2022,05/03/2022,Fulton,29311,29311
2022,05/03/2022,Gallia,18744,18744
2022,05/03/2022,Geauga,67315,67315
2022,05/03/2022,Greene,117990,117990
2022,05/03/2022,Guernsey,24213,24213
2022,05/03/2022,Hamilton,588254,588254
2022,05/03/2022,Hancock,51281,51281
2022,05/03/2022,Hardin,17840,17840
2022,05/03/2022,Harrison,10019,10019
2022,05/03/2022,Henry,19686,19686
2022,05/03/2022,Highland,26940,26940
2022,05/03/2022,Hocking,18311,18311
2022,05/03/2022,Holmes,18074,18074
2022,05/03/2022,Huron,36347,36347
2022,05/03/2022,Jackson,20658,20658
2022,05/03/2022,Jefferson,46565,46565
2022,05/03/2022,Knox,41627,41627
2022,05/03/2022,Lake,160736,160736
2022,05/03/2022,Lawrence,42342,42342
2022,05/03/2022,Licking,123936,123936
2022,05/03/2022,Logan,31900,31900
2022,05/03/2022,Lorain,216617,216617
2022,05/03/2022,Lucas,293122,293122
2022,05/03/2022,Madison,25758,25758
2022,05/03/2022,Mahoning,162568,162568
2022,05/03/2022,Marion,39335,39335
2022,05/03/2022,Medina,130602,130602
2022,05/03/2022,Meigs,14888,14888
2022,05/03/2022,Mercer,29332,29332
2022,05/03/2022,Miami,75333,75333
2022,05/03/2022,Monroe,9222,9222
2022,05/03/2022,Montgomery,365063,365063
2022,05/03/2022,Morgan,9201,9201
2022,05/03/2022,Morrow,24928,24928
2022,05/03/2022,Muskingum,54414,54414
2022,05/03/2022,Noble,8020,8020
2022,05/03/2022,Ottawa,30323,30323
2022,05/03/2022,Paulding,12622,12622
2022,05/03/2022,Perry,22481,22481
2022,05/03/2022,Pickaway,36395,36395
2022,05/03/2022,Pike,17714,17714
2022,05/03/2022,Portage,106411,106411
2022,05/03/2022,Preble,28330,28330
2022,05/03/2022,Putnam,23658,23658
2022,05/03/2022,Richland,81163,81163
2022,05/03/2022,Ross,45681,45681
2022,05/03/2022,Sandusky,39687,39687
2022,05/03/2022,Scioto,45068,45068
2022,05/03/2022,Seneca,34133,34133
2022,05/03/2022,Shelby,32527,32527
2022,05/03/2022,Stark,247564,247564
2022,05/03/2022,Summit,366596,366596
2022,05/03/2022,Trumbull,135623,135623
2022,05/03/2022,Tuscarawas,58619,58619
2022,05/03/2022,Union,42482,42482
2022,05/03/2022,Van Wert,20113,20113
2022,05/03/2022,Vinton,8462,8462
2022,05/03/2022,Warren,168788,168788
2022,05/03/2022,Washington,42258,42258
2022,05/03/2022,Wayne,73141,73141
2022,05/03/2022,Williams,24971,24971
2022,05/03/2022,Wood,92153,92153
2022,05/03/2022,Wyandot,15027,15027
2022,11/08/2022,TOTALS,8029950,8029950
2022,11/08/2022,Adams,17302,17302
2022,11/08/2022,Allen,66650,66650
2022,11/08/2022,Ashland,34699,34699
2022,11/08/2022,Ashtabula,61091,61091
2022,11/08/2022,Athens,38989,38989
2022,11/08/2022,Auglaize,32319,32319
2022,11/08/2022,Belmont,44829,44829
2022,11/08/2022,Brown,28940,28940
2022,11/08/2022,Butler,255504,255504
2022,11/08/2022,Carroll,18318,18318
2022,11/08/2022,Champaign,26512,26512
2022,11/08/2022,Clark,88454,88454
2022,11/08/2022,Clermont,145530,145530
2022,11/08/2022,Clinton,27368,27368
2022,11/08/2022,Columbiana,65493,65493
2022,11/08/2022,Coshocton,22382,22382
2022,11/08/2022,Crawford,28027,28027
2022,11/08/2022,Cuyahoga,880528,880528
2022,11/08/2022,Darke,34387,34387
2022,11/08/2022,Defiance,26370,26370
2022,11/08/2022,Delaware,156588,156588
2022,11/08/2022,Erie,53913,53913
2022,11/08/2022,Fairfield,109963,109963
2022,11/08/2022,Fayette,17035,17035
2022,11/08/2022,Franklin,879228,879228
2022,11/08/2022,Fulton,29430,29430
2022,11/08/2022,Gallia,18896,18896
2022,11/08/2022,Geauga,67924,67924
2022,11/08/2022,Greene,119634,119634
2022,11/08/2022,Guernsey,24367,24367
2022,11/08/2022,Hamilton,596787,596787
2022,11/08/2022,Hancock,51571,51571
2022,11/08/2022,Hardin,17900,17900
2022,11/08/2022,Harrison,10035,10035
2022,11/08/2022,Henry,19729,19729
2022,11/08/2022,Highland,27203,27203
2022,11/08/2022,Hocking,18446,18446
2022,11/08/2022,Holmes,18072,18072
2022,11/08/2022,Huron,36581,36581
2022,11/08/2022,Jackson,20752,20752
2022,11/08/2022,Jefferson,46775,46775
2022,11/08/2022,Knox,42307,42307
2022,11/08/2022,Lake,162249,162249
2022,11/08/2022,Lawrence,42613,42613
2022,11/08/2022,Licking,125377,125377
2022,11/08/2022,Logan,32163,32163
2022,11/08/2022,Lorain,219388,219388
2022,11/08/2022,Lucas,295333,295333
2022,11/08/2022,Madison,25987,25987
2022,11/08/2022,Mahoning,163377,163377
2022,11/08/2022,Marion,39512,39512
2022,11/08/2022,Medina,131681,131681
2022,11/08/2022,Meigs,14957,14957
2022,11/08/2022,Mercer,29555,29555
2022,11/08/2022,Miami,76283,76283
2022,11/08/2022,Monroe,9266,9266
2022,11/08/2022,Montgomery,367296,367296
2022,11/08/2022,Morgan,9236,9236
2022,11/08/2022,Morrow,25184,25184
2022,11/08/2022,Muskingum,54697,54697
2022,11/08/2022,Noble,8059,8059
2022,11/08/2022,Ottawa,30533,30533
2022,11/08/2022,Paulding,12701,12701
2022,11/08/2022,Perry,22645,22645
2022,11/08/2022,Pickaway,36832,36832
2022,11/08/2022,Pike,17814,17814
2022,11/08/2022,Portage,108228,108228
2022,11/08/2022,Preble,28559,28559
2022,11/08/2022,Putnam,23706,23706
2022,11/08/2022,Richland,81561,81561
2022,11/08/2022,Ross,45925,45925
2022,11/08/2022,Sandusky,39948,39948
2022,11/08/2022,Scioto,45320,45320
2022,11/08/2022,Seneca,34328,34328
2022,11/08/2022,Shelby,32703,32703
2022,11/08/2022,Stark,249182,249182
2022,11/08/2022,Summit,371901,371901
2022,11/08/2022,Trumbull,136464,136464
2022,11/08/2022,Tuscarawas,58781,58781
2022,11/08/2022,Union,43579,43579
2022,11/08/2022,Van Wert,20266,20266
2022,11/08/2022,Vinton,8481,8481
2022,11/08/2022,Warren,172066,172066
2022,11/08/2022,Washington,42585,42585
2022,11/08/2022,Wayne,73514,73514
2022,11/08/2022,Williams,25152,25152
2022,11/08/2022,Wood,93063,93063
2022,11/08/2022,Wyandot,15072,15072
2023,11/07/2023,TOTALS,7988132,7988132
2023,11/07/2023,Adams,17147,17147
2023,11/07/2023,Allen,65722,65722
2023,11/07/2023,Ashland,34489,34489
2023,11/07/2023,Ashtabula,60245,60245
2023,11/07/2023,Athens,37624,37624
2023,11/07/2023,Auglaize,32181,32181
2023,11/07/2023,Belmont,43825,43825
2023,11/07/2023,Brown,28967,28967
2023,11/07/2023,Butler,252744,252744
2023,11/07/2023,Carroll,18038,18038
2023,11/07/2023,Champaign,26330,26330
2023,11/07/2023,Clark,86551,86551
2023,11/07/2023,Clermont,145422,145422
2023,11/07/2023,Clinton,27220,27220
2023,11/07/2023,Columbiana,64722,64722
2023,11/07/2023,Coshocton,22020,22020
2023,11/07/2023,Crawford,27569,27569
2023,11/07/2023,Cuyahoga,876534,876534
2023,11/07/2023,Darke,34260,34260
2023,11/07/2023,Defiance,26178,26178
2023,11/07/2023,Delaware,159535,159535
2023,11/07/2023,Erie,53315,53315
2023,11/07/2023,Fairfield,108872,108872
2023,11/07/2023,Fayette,16919,16919
2023,11/07/2023,Franklin,880591,880591
2023,11/07/2023,Fulton,29026,29026
2023,11/07/2023,Gallia,18528,18528
2023,11/07/2023,Geauga,67724,67724
2023,11/07/2023,Greene,119143,119143
2023,11/07/2023,Guernsey,23935,23935
2023,11/07/2023,Hamilton,597498,597498
2023,11/07/2023,Hancock,50876,50876
2023,11/07/2023,Hardin,17532,17532
2023,11/07/2023,Harrison,9811,9811
2023,11/07/2023,Henry,19896,19896
2023,11/07/2023,Highland,27008,27008
2023,11/07/2023,Hocking,18064,18064
2023,11/07/2023,Holmes,17593,17593
2023,11/07/2023,Huron,36285,36285
2023,11/07/2023,Jackson,20353,20353
2023,11/07/2023,Jefferson,45983,45983
2023,11/07/2023,Knox,42345,42345
2023,11/07/2023,Lake,161745,161745
2023,11/07/2023,Lawrence,42036,42036
2023,11/07/2023,Licking,125380,125380
2023,11/07/2023,Logan,32047,32047
2023,11/07/2023,Lorain,218855,218855
2023,11/07/2023,Lucas,296922,296922
2023,11/07/2023,Madison,26103,26103
2023,11/07/2023,Mahoning,159870,159870
2023,11/07/2023,Marion,38668,38668
2023,11/07/2023,Medina,131200,131200
2023,11/07/2023,Meigs,14634,14634
2023,11/07/2023,Mercer,29366,29366
2023,11/07/2023,Miami,76157,76157
2023,11/07/2023,Monroe,9175,9175
2023,11/07/2023,Montgomery,362691,362691
2023,11/07/2023,Morgan,9046,9046
2023,11/07/2023,Morrow,25073,25073
2023,11/07/2023,Muskingum,53615,53615
2023,11/07/2023,Noble,7973,7973
2023,11/07/2023,Ottawa,30328,30328
2023,11/07/2023,Paulding,12455,12455
2023,11/07/2023,Perry,22444,22444
2023,11/07/2023,Pickaway,36541,36541
2023,11/07/2023,Pike,17614,17614
2023,11/07/2023,Portage,107560,107560
2023,11/07/2023,Preble,28354,28354
2023,11/07/2023,Putnam,23516,23516
2023,11/07/2023,Richland,81889,81889
2023,11/07/2023,Ross,45746,45746
2023,11/07/2023,Sandusky,39721,39721
2023,11/07/2023,Scioto,44472,44472
2023,11/07/2023,Seneca,34263,34263
2023,11/07/2023,Shelby,32533,32533
2023,11/07/2023,Stark,245837,245837
2023,11/07/2023,Summit,372260,372260
2023,11/07/2023,Trumbull,134190,134190
2023,11/07/2023,Tuscarawas,58017,58017
2023,11/07/2023,Union,44985,44985
2023,11/07/2023,Van Wert,20003,20003
2023,11/07/2023,Vinton,8327,8327
2023,11/07/2023,Warren,171906,171906
2023,11/07/2023,Washington,41927,41927
2023,11/07/2023,Wayne,72724,72724
2023,11/07/2023,Williams,24478,24478
2023,11/07/2023,Wood,91927,91927
2023,11/07/2023,Wyandot,14939,14939
2024,03/19/2024,TOTALS,8031161,8031161
2024,03/19/2024,Adams,17383,17383
2024,03/19/2024,Allen,66171,66171
2024,03/19/2024,Ashland,34574,34574
2024,03/19/2024,Ashtabula,60570,60570
2024,03/19/2024,Athens,38299,38299
2024,03/19/2024,Auglaize,32339,32339
2024,03/19/2024,Belmont,44180,44180
2024,03/19/2024,Brown,29257,29257
2024,03/19/2024,Butler,254639,254639
2024,03/19/2024,Carroll,18048,18048
2024,03/19/2024,Champaign,26557,26557
2024,03/19/2024,Clark,86938,86938
2024,03/19/2024,Clermont,146945,146945
2024,03/19/2024,Clinton,27386,27386
2024,03/19/2024,Columbiana,64928,64928
2024,03/19/2024,Coshocton,22142,22142
2024,03/19/2024,Crawford,27700,27700
2024,03/19/2024,Cuyahoga,875489,875489
2024,03/19/2024,Darke,34574,34574
2024,03/19/2024,Defiance,26422,26422
2024,03/19/2024,Delaware,161201,161201
2024,03/19/2024,Erie,53630,53630
2024,03/19/2024,Fairfield,109628,109628
2024,03/19/2024,Fayette,17107,17107
2024,03/19/2024,Franklin,886119,886119
2024,03/19/2024,Fulton,29265,29265
2024,03/19/2024,Gallia,18691,18691
2024,03/19/2024,Geauga,68031,68031
2024,03/19/2024,Greene,120274,120274
2024,03/19/2024,Guernsey,24077,24077
2024,03/19/2024,Hamilton,600442,600442
2024,03/19/2024,Hancock,51333,51333
2024,03/19/2024,Hardin,17672,17672
2024,03/19/2024,Harrison,9812,9812
2024,03/19/2024,Henry,20052,20052
2024,03/19/2024,Highland,27304,27304
2024,03/19/2024,Hocking,18165,18165
2024,03/19/2024,Holmes,17763,17763
2024,03/19/2024,Huron,36515,36515
2024,03/19/2024,Jackson,20460,20460
2024,03/19/2024,Jefferson,46215,46215
2024,03/19/2024,Knox,42850,42850
2024,03/19/2024,Lake,162491,162491
2024,03/19/2024,Lawrence,42456,42456
2024,03/19/2024,Licking,126442,126442
2024,03/19/2024,Logan,32174,32174
2024,03/19/2024,Lorain,220316,220316
2024,03/19/2024,Lucas,297322,297322
2024,03/19/2024,Madison,26439,26439
2024,03/19/2024,Mahoning,160619,160619
2024,03/19/2024,Marion,38917,38917
2024,03/19/2024,Medina,132032,132032
2024,03/19/2024,Meigs,14728,14728
2024,03/19/2024,Mercer,29519,29519
2024,03/19/2024,Miami,76906,76906
2024,03/19/2024,Monroe,9238,9238
2024,03/19/2024,Montgomery,365014,365014
2024,03/19/2024,Morgan,9086,9086
2024,03/19/2024,Morrow,25180,25180
2024,03/19/2024,Muskingum,53857,53857
2024,03/19/2024,Noble,7985,7985
2024,03/19/2024,Ottawa,30432,30432
2024,03/19/2024,Paulding,12517,12517
2024,03/19/2024,Perry,22626,22626
2024,03/19/2024,Pickaway,36996,36996
2024,03/19/2024,Pike,17701,17701
2024,03/19/2024,Portage,108250,108250
2024,03/19/2024,Preble,28510,28510
2024,03/19/2024,Putnam,23708,23708
2024,03/19/2024,Richland,82319,82319
2024,03/19/2024,Ross,46022,46022
2024,03/19/2024,Sandusky,39895,39895
2024,03/19/2024,Scioto,44713,44713
2024,03/19/2024,Seneca,34425,34425
2024,03/19/2024,Shelby,32739,32739
2024,03/19/2024,Stark,247237,247237
2024,03/19/2024,Summit,372253,372253
2024,03/19/2024,Trumbull,135088,135088
2024,03/19/2024,Tuscarawas,58288,58288
2024,03/19/2024,Union,45778,45778
2024,03/19/2024,Van Wert,20285,20285
2024,03/19/2024,Vinton,8387,8387
2024,03/19/2024,Warren,173272,173272
2024,03/19/2024,Washington,42304,42304
2024,03/19/2024,Wayne,73056,73056
2024,03/19/2024,Williams,24673,24673
2024,03/19/2024,Wood,92826,92826
2024,03/19/2024,Wyandot,14993,14993
2024,11/05/2024,TOTALS,8159946,8159946
2024,11/05/2024,Adams,17674,17674
2024,11/05/2024,Allen,66199,66199
2024,11/05/2024,Ashland,34756,34756
2024,11/05/2024,Ashtabula,61356,61356
2024,11/05/2024,Athens,38592,38592
2024,11/05/2024,Auglaize,32887,32887
2024,11/05/2024,Belmont,44627,44627
2024,11/05/2024,Brown,29541,29541
2024,11/05/2024,Butler,255519,255519
2024,11/05/2024,Carroll,18326,18326
2024,11/05/2024,Champaign,27056,27056
2024,11/05/2024,Clark,87958,87958
2024,11/05/2024,Clermont,151042,151042
2024,11/05/2024,Clinton,27898,27898
2024,11/05/2024,Columbiana,65979,65979
2024,11/05/2024,Coshocton,22494,22494
2024,11/05/2024,Crawford,28061,28061
2024,11/05/2024,Cuyahoga,893801,893801
2024,11/05/2024,Darke,35030,35030
2024,11/05/2024,Defiance,26818,26818
2024,11/05/2024,Delaware,165356,165356
2024,11/05/2024,Erie,54260,54260
2024,11/05/2024,Fairfield,112005,112005
2024,11/05/2024,Fayette,17450,17450
2024,11/05/2024,Franklin,903493,903493
2024,11/05/2024,Fulton,29566,29566
2024,11/05/2024,Gallia,18910,18910
2024,11/05/2024,Geauga,69043,69043
2024,11/05/2024,Greene,122193,122193
2024,11/05/2024,Guernsey,24501,24501
2024,11/05/2024,Hamilton,604178,604178
2024,11/05/2024,Hancock,51927,51927
2024,11/05/2024,Hardin,17922,17922
2024,11/05/2024,Harrison,9890,9890
2024,11/05/2024,Henry,19429,19429
2024,11/05/2024,Highland,27601,27601
2024,11/05/2024,Hocking,18430,18430
2024,11/05/2024,Holmes,18087,18087
2024,11/05/2024,Huron,36965,36965
2024,11/05/2024,Jackson,20695,20695
2024,11/05/2024,Jefferson,45726,45726
2024,11/05/2024,Knox,43785,43785
2024,11/05/2024,Lake,165600,165600
2024,11/05/2024,Lawrence,43020,43020
2024,11/05/2024,Licking,128660,128660
2024,11/05/2024,Logan,32332,32332
2024,11/05/2024,Lorain,221647,221647
2024,11/05/2024,Lucas,304907,304907
2024,11/05/2024,Madison,27190,27190
2024,11/05/2024,Mahoning,163093,163093
2024,11/05/2024,Marion,39577,39577
2024,11/05/2024,Medina,134574,134574
2024,11/05/2024,Meigs,14916,14916
2024,11/05/2024,Mercer,29692,29692
2024,11/05/2024,Miami,78732,78732
2024,11/05/2024,Monroe,9326,9326
2024,11/05/2024,Montgomery,373582,373582
2024,11/05/2024,Morgan,9185,9185
2024,11/05/2024,Morrow,24668,24668
2024,11/05/2024,Muskingum,54637,54637
2024,11/05/2024,Noble,8081,8081
2024,11/05/2024,Ottawa,30694,30694
2024,11/05/2024,Paulding,12685,12685
2024,11/05/2024,Perry,22901,22901
2024,11/05/2024,Pickaway,38574,38574
2024,11/05/2024,Pike,18010,18010
2024,11/05/2024,Portage,111132,111132
2024,11/05/2024,Preble,28920,28920
2024,11/05/2024,Putnam,24016,24016
2024,11/05/2024,Richland,80649,80649
2024,11/05/2024,Ross,46386,46386
2024,11/05/2024,Sandusky,40500,40500
2024,11/05/2024,Scioto,45434,45434
2024,11/05/2024,Seneca,35068,35068
2024,11/05/2024,Shelby,32947,32947
2024,11/05/2024,Stark,253471,253471
2024,11/05/2024,Summit,382519,382519
2024,11/05/2024,Trumbull,137686,137686
2024,11/05/2024,Tuscarawas,58854,58854
2024,11/05/2024,Union,47354,47354
2024,11/05/2024,Van Wert,20489,20489
2024,11/05/2024,Vinton,8476,8476
2024,11/05/2024,Warren,178612,178612
2024,11/05/2024,Washington,42814,42814
2024,11/05/2024,Wayne,70625,70625
2024,11/05/2024,Williams,25187,25187
2024,11/05/2024,Wood,90669,90669
2024,11/05/2024,Wyandot,14829,14829
2025,05/06/2025,TOTALS,8205338,8205338
2025,05/06/2025,Adams,17801,17801
2025,05/06/2025,Allen,66561,66561
2025,05/06/2025,Ashland,34964,34964
2025,05/06/2025,Ashtabula,61792,61792
2025,05/06/2025,Athens,38930,38930
2025,05/06/2025,Auglaize,32912,32912
2025,05/06/2025,Belmont,45081,45081
2025,05/06/2025,Brown,29869,29869
2025,05/06/2025,Butler,258257,258257
2025,05/06/2025,Carroll,18373,18373
2025,05/06/2025,Champaign,27240,27240
2025,05/06/2025,Clark,88455,88455
2025,05/06/2025,Clermont,152633,152633
2025,05/06/2025,Clinton,28185,28185
2025,05/06/2025,Columbiana,66445,66445
2025,05/06/2025,Coshocton,22674,22674
2025,05/06/2025,Crawford,28324,28324
2025,05/06/2025,Cuyahoga,894735,894735
2025,05/06/2025,Darke,35202,35202
2025,05/06/2025,Defiance,27039,27039
2025,05/06/2025,Delaware,166744,166744
2025,05/06/2025,Erie,54429,54429
2025,05/06/2025,Fairfield,113235,113235
2025,05/06/2025,Fayette,17534,17534
2025,05/06/2025,Franklin,907890,907890
2025,05/06/2025,Fulton,29796,29796
2025,05/06/2025,Gallia,19125,19125
2025,05/06/2025,Geauga,69184,69184
2025,05/06/2025,Greene,123225,123225
2025,05/06/2025,Guernsey,24764,24764
2025,05/06/2025,Hamilton,607280,607280
2025,05/06/2025,Hancock,52131,52131
2025,05/06/2025,Hardin,18078,18078
2025,05/06/2025,Harrison,10011,10011
2025,05/06/2025,Henry,19588,19588
2025,05/06/2025,Highland,27929,27929
2025,05/06/2025,Hocking,18501,18501
2025,05/06/2025,Holmes,18146,18146
2025,05/06/2025,Huron,37245,37245
2025,05/06/2025,Jackson,20909,20909
2025,05/06/2025,Jefferson,45924,45924
2025,05/06/2025,Knox,43589,43589
2025,05/06/2025,Lake,166348,166348
2025,05/06/2025,Lawrence,43605,43605
2025,05/06/2025,Licking,129847,129847
2025,05/06/2025,Logan,32489,32489
2025,05/06/2025,Lorain,223083,223083
2025,05/06/2025,Lucas,306261,306261
2025,05/06/2025,Madison,27451,27451
2025,05/06/2025,Mahoning,163438,163438
2025,05/06/2025,Marion,39969,39969
2025,05/06/2025,Medina,135079,135079
2025,05/06/2025,Meigs,15071,15071
2025,05/06/2025,Mercer,29746,29746
2025,05/06/2025,Miami,79483,79483
2025,05/06/2025,Monroe,9271,9271
2025,05/06/2025,Montgomery,376122,376122
2025,05/06/2025,Morgan,9189,9189
2025,05/06/2025,Morrow,24838,24838
2025,05/06/2025,Muskingum,54918,54918
2025,05/06/2025,Noble,8127,8127
2025,05/06/2025,Ottawa,30788,30788
2025,05/06/2025,Paulding,12765,12765
2025,05/06/2025,Perry,23119,23119
2025,05/06/2025,Pickaway,39039,39039
2025,05/06/2025,Pike,18119,18119
2025,05/06/2025,Portage,111709,111709
2025,05/06/2025,Preble,29040,29040
2025,05/06/2025,Putnam,24100,24100
2025,05/06/2025,Richland,81001,81001
2025,05/06/2025,Ross,46675,46675
2025,05/06/2025,Sandusky,40655,40655
2025,05/06/2025,Scioto,45764,45764
2025,05/06/2025,Seneca,35206,35206
2025,05/06/2025,Shelby,33096,33096
2025,05/06/2025,Stark,254543,254543
2025,05/06/2025,Summit,384386,384386
2025,05/06/2025,Trumbull,138266,138266
2025,05/06/2025,Tuscarawas,58970,58970
2025,05/06/2025,Union,48069,48069
2025,05/06/2025,Van Wert,20555,20555
2025,05/06/2025,Vinton,8480,8480
2025,05/06/2025,Warren,179809,179809
2025,05/06/2025,Washington,43326,43326
2025,05/06/2025,Wayne,70873,70873
2025,05/06/2025,Williams,25426,25426
2025,05/06/2025,Wood,91570,91570
2025,05/06/2025,Wyandot,14925,14925
2026,05/05/2026,TOTALS,7896681,7896681
2026,05/05/2026,Adams,16942,16942
2026,05/05/2026,Allen,63151,63151
2026,05/05/2026,Ashland,33435,33435
2026,05/05/2026,Ashtabula,58658,58658
2026,05/05/2026,Athens,34692,34692
2026,05/05/2026,Auglaize,31789,31789
2026,05/05/2026,Belmont,42070,42070
2026,05/05/2026,Brown,28680,28680
2026,05/05/2026,Butler,245831,245831
2026,05/05/2026,Carroll,17613,17613
2026,05/05/2026,Champaign,26175,26175
2026,05/05/2026,Clark,83966,83966
2026,05/05/2026,Clermont,147870,147870
2026,05/05/2026,Clinton,27066,27066
2026,05/05/2026,Columbiana,63644,63644
2026,05/05/2026,Coshocton,21536,21536
2026,05/05/2026,Crawford,27230,27230
2026,05/05/2026,Cuyahoga,862816,862816
2026,05/05/2026,Darke,33870,33870
2026,05/05/2026,Defiance,25777,25777
2026,05/05/2026,Delaware,166234,166234
2026,05/05/2026,Erie,52066,52066
2026,05/05/2026,Fairfield,110399,110399
2026,05/05/2026,Fayette,16769,16769
2026,05/05/2026,Franklin,885487,885487
2026,05/05/2026,Fulton,28714,28714
2026,05/05/2026,Gallia,18037,18037
2026,05/05/2026,Geauga,66706,66706
2026,05/05/2026,Greene,118030,118030
2026,05/05/2026,Guernsey,23645,23645
2026,05/05/2026,Hamilton,602250,602250
2026,05/05/2026,Hancock,49591,49591
2026,05/05/2026,Hardin,17308,17308
2026,05/05/2026,Harrison,9390,9390
2026,05/05/2026,Henry,18808,18808
2026,05/05/2026,Highland,26977,26977
2026,05/05/2026,Hocking,17580,17580
2026,05/05/2026,Holmes,17417,17417
2026,05/05/2026,Huron,35457,35457
2026,05/05/2026,Jackson,19821,19821
2026,05/05/2026,Jefferson,42669,42669
2026,05/05/2026,Knox,41440,41440
2026,05/05/2026,Lake,161296,161296
2026,05/05/2026,Lawrence,38863,38863
2026,05/05/2026,Licking,124702,124702
2026,05/05/2026,Logan,31276,31276
2026,05/05/2026,Lorain,214138,214138
2026,05/05/2026,Lucas,285396,285396
2026,05/05/2026,Madison,26994,26994
2026,05/05/2026,Mahoning,153299,153299
2026,05/05/2026,Marion,38393,38393
2026,05/05/2026,Medina,131197,131197
2026,05/05/2026,Meigs,14219,14219
2026,05/05/2026,Mercer,28861,28861
2026,05/05/2026,Miami,76896,76896
2026,05/05/2026,Monroe,8652,8652
2026,05/05/2026,Montgomery,358498,358498
2026,05/05/2026,Morgan,8753,8753
2026,05/05/2026,Morrow,23990,23990
2026,05/05/2026,Muskingum,52738,52738
2026,05/05/2026,Noble,7804,7804
2026,05/05/2026,Ottawa,29646,29646
2026,05/05/2026,Paulding,12107,12107
2026,05/05/2026,Perry,22318,22318
2026,05/05/2026,Pickaway,38162,38162
2026,05/05/2026,Pike,17032,17032
2026,05/05/2026,Portage,106482,106482
2026,05/05/2026,Preble,27693,27693
2026,05/05/2026,Putnam,23532,23532
2026,05/05/2026,Richland,77511,77511
2026,05/05/2026,Ross,44836,44836
2026,05/05/2026,Sandusky,38644,38644
2026,05/05/2026,Scioto,42513,42513
2026,05/05/2026,Seneca,33870,33870
2026,05/05/2026,Shelby,31995,31995
2026,05/05/2026,Stark,244027,244027
2026,05/05/2026,Summit,368973,368973
2026,05/05/2026,Trumbull,130668,130668
2026,05/05/2026,Tuscarawas,56350,56350
2026,05/05/2026,Union,48264,48264
2026,05/05/2026,Van Wert,19869,19869
2026,05/05/2026,Vinton,7997,7997
2026,05/05/2026,Warren,175051,175051
2026,05/05/2026,Washington,40957,40957
2026,05/05/2026,Wayne,68642,68642
2026,05/05/2026,Williams,24098,24098
2026,05/05/2026,Wood,87559,87559
2026,05/05/2026,Wyandot,14314,14314
