,County,Democratic,Green,Libertarian,Republican,Unaffiliated,White,Black,American Indian/Alaska Native,Asian,Native Hawaiian/Other Pacific,Multiracial,Other,Undesignated,Hispanic,Male,Female,Total
0,ALAMANCE,37991,31,655,35870,34458,70000,21134,256,0,8,0,17683,0,4517,44327,54165,109081
1,ALEXANDER,4803,3,116,11682,7866,21035,921,33,0,2,0,2505,0,353,10910,11736,24496
2,ALLEGHANY,2050,4,31,2976,2431,6575,70,8,0,0,0,843,0,179,3300,3541,7496
3,ANSON,9146,8,35,2843,3477,6224,6168,23,0,0,0,3120,0,75,5750,6946,15535
4,ASHE,4264,5,100,8722,6078,17341,109,22,0,0,0,1718,0,241,8522,9441,19190
5,AVERY,1355,6,57,6982,3643,10701,47,20,0,0,0,1284,0,78,5274,5828,12052
6,BEAUFORT,10911,16,118,11747,9279,21900,6952,34,0,1,0,3206,0,454,13506,16027,32093
7,BERTIE,8176,3,37,1605,2773,4444,7230,19,0,1,0,903,0,38,5266,6581,12597
8,BLADEN,9844,7,72,4905,6681,12029,7360,375,0,2,0,1753,0,433,9408,11132,21519
9,BRUNSWICK,26500,31,607,45759,41716,91074,8312,342,0,3,0,14943,0,1415,47560,54786,114674
10,BUNCOMBE,74713,270,1622,45619,77980,162452,10068,345,0,34,0,27431,0,4124,84094,98675,200330
11,BURKE,14630,34,337,22473,19506,47021,3039,88,0,0,0,6888,0,1015,24858,27692,57036
12,CABARRUS,43337,90,1132,50955,51561,91856,26583,354,0,8,0,28413,0,5525,59628,70177,147214
13,CALDWELL,10687,40,355,26015,16130,45209,2565,67,0,0,0,5426,0,918,23579,25791,53267
14,CAMDEN,1493,2,61,2761,3219,5951,870,9,0,1,0,710,0,35,3392,3648,7541
15,CARTERET,9831,13,290,23699,17768,43474,2120,85,0,8,0,5957,0,523,21999,24793,51644
16,CASWELL,6592,5,48,3922,4539,9009,4626,20,0,1,0,1461,0,172,6530,7464,15117
17,CATAWBA,21786,45,588,46712,36983,81478,8472,129,0,2,0,16112,0,3569,45566,51311,106193
18,CHATHAM,20898,19,293,13812,21968,40804,5795,118,0,1,0,10301,0,1773,23065,26946,57019
19,CHEROKEE,3881,10,124,10640,7025,20073,221,123,0,0,0,1277,0,179,10155,11084,21694
20,CHOWAN,3858,3,33,2771,2949,6151,2724,11,0,2,0,730,0,68,4133,5111,9618
21,CLAY,1545,3,55,4219,3164,8350,41,15,0,0,0,586,0,66,4092,4454,8992
22,CLEVELAND,21574,25,359,24764,18930,45182,12892,92,0,2,0,7547,0,718,27589,32365,65715
23,COLUMBUS,15665,8,100,9623,10103,21357,10144,914,0,0,0,3108,0,330,15196,18003,35523
24,CRAVEN,20165,43,487,25398,22104,46421,13412,160,0,7,0,8250,0,1534,28746,34652,68250
25,CUMBERLAND,86861,128,1551,47120,63552,79700,77787,2109,0,53,0,39802,0,10854,77556,98137,199451
26,CURRITUCK,3330,15,189,8681,8549,17804,1019,43,0,2,0,1922,0,153,9495,9987,20790
27,DARE,7586,24,205,10160,11795,26428,498,34,0,1,0,2826,0,245,13156,14586,29787
28,DAVIDSON,22438,45,575,54140,33567,86153,9583,239,0,5,0,14875,0,2166,47103,53372,110855
29,DAVIE,4948,13,161,15980,9803,25079,1813,37,0,1,0,4002,0,581,13410,14829,30932
30,DUPLIN,11974,9,108,9084,8838,17591,8034,54,0,1,0,4363,0,1681,12600,14857,30043
31,DURHAM,124270,154,1223,24523,77360,104089,72543,535,0,22,0,50432,0,9194,87878,111722,227621
32,EDGECOMBE,21698,14,93,6348,5583,11781,19122,62,0,1,0,2785,0,437,13673,18149,33751
33,FORSYTH,103020,149,1582,73106,84570,153127,66765,496,0,23,0,42202,0,10920,105881,129931,262613
34,FRANKLIN,16726,24,316,14928,14786,28283,10695,133,0,2,0,7713,0,1194,19037,21789,46826
35,GASTON,41278,86,1044,58834,47549,102441,24369,334,0,3,0,21800,0,4221,61891,73026,148947
36,GATES,3657,0,28,1902,2316,4789,2441,15,0,0,0,665,0,49,3409,3924,7910
37,GRAHAM,1321,1,26,2866,1684,5342,5,266,0,1,0,292,0,20,2770,2927,5906
38,GRANVILLE,16878,12,177,10525,11582,22237,11336,74,0,2,0,5553,0,885,15843,18547,39202
39,GREENE,5158,5,19,2352,3077,5741,3666,11,0,0,0,1197,0,390,4501,5473,10615
40,GUILFORD,158872,248,2114,89990,113259,187434,119550,937,0,9,0,56778,0,11004,150679,188493,364708
41,HALIFAX,21752,10,107,4896,9273,13647,18425,1067,0,1,0,2907,0,245,15190,18801,36047
42,HARNETT,24283,39,679,28631,24597,46630,15656,443,0,14,0,15580,0,3786,31514,37487,78323
43,HAYWOOD,13540,24,325,15468,15472,41080,446,115,0,0,0,3226,0,448,20080,22894,44867
44,HENDERSON,17311,52,553,31518,35454,72228,2237,141,0,2,0,10326,0,2066,35836,42601,84934
45,HERTFORD,9613,6,34,1519,3070,4493,8639,92,0,2,0,1027,0,92,5919,7659,14253
46,HOKE,13929,25,283,7029,10397,12274,11828,1968,0,13,0,5631,0,2058,13618,16585,31714
47,HYDE,1403,1,16,563,1004,2159,564,1,0,0,0,263,0,37,1305,1483,2987
48,IREDELL,28013,62,801,53784,45649,97063,13399,210,0,1,0,17741,0,3471,55183,61581,128414
49,JACKSON,9075,28,210,8033,11045,22879,610,1416,0,2,0,3497,0,611,12262,13721,28404
50,JOHNSTON,39490,67,1085,54591,46767,95636,21901,391,0,13,0,24243,0,6330,61251,70462,142184
51,JONES,2748,3,34,2069,1950,4083,2041,11,0,0,0,671,0,66,2900,3402,6806
52,LEE,13212,14,230,11449,12543,23479,6948,138,0,7,0,6922,0,2731,15397,18504,37494
53,LENOIR,17033,9,132,9854,8686,17845,14037,58,0,0,0,3790,0,605,14510,18311,35730
54,LINCOLN,12149,19,385,29514,20518,50802,3120,87,0,0,0,8648,0,1593,27032,29468,62657
55,MACON,5540,24,158,11601,9099,24240,156,52,0,2,0,2000,0,393,12133,13835,26450
56,MADISON,5548,15,113,4573,6276,14572,141,29,0,0,0,1795,0,152,7292,7686,16537
57,MARTIN,8441,5,40,3463,3955,8382,6444,28,0,0,0,1061,0,135,6781,8427,15915
58,MCDOWELL,6375,17,155,12424,9969,25954,761,30,0,1,0,2213,0,421,13100,14433,28959
59,MECKLENBURG,328630,542,5781,162101,268720,386530,233169,2031,0,39,0,144509,0,37233,317544,381035,766278
60,MITCHELL,1094,3,47,6503,3273,9660,32,10,0,0,0,1222,0,102,4810,5266,10924
61,MONTGOMERY,5931,6,82,5969,4681,11387,3100,43,0,0,0,2167,0,632,7307,8192,16697
62,MOORE,15787,36,547,29885,25501,56103,7500,319,0,5,0,7908,0,1382,30947,36698,71835
63,NASH,30131,13,287,19301,16068,32982,25073,315,0,4,0,7470,0,1378,27476,33657,65844
64,NEW HANOVER,50466,140,1400,52866,65650,126782,19080,359,0,11,0,24401,0,3132,69345,81572,170633
65,NORTHAMPTON,8506,3,40,1511,3070,5057,7211,30,0,0,0,838,0,48,5623,6742,13136
66,ONSLOW,23312,81,1415,41199,39540,70225,16429,364,0,23,0,18695,0,5080,43631,51728,105736
67,ORANGE,49619,72,607,13832,40490,71046,10822,238,0,1,0,22548,0,3464,42340,50080,104655
68,PAMLICO,2900,1,47,3526,2645,6876,1369,25,0,0,0,857,0,66,3980,4522,9127
69,PASQUOTANK,10827,22,185,6693,9209,14957,9095,41,0,1,0,2865,0,307,11390,13648,26959
70,PENDER,11429,20,362,17725,14862,32453,5824,104,0,3,0,6055,0,951,19068,21203,44439
71,PERQUIMANS,3153,4,50,3136,3310,6919,1988,20,0,2,0,736,0,41,4230,4879,9665
72,PERSON,10593,14,115,7624,8528,17019,6696,121,0,4,0,3045,0,374,11342,13359,26885
73,PITT,48533,77,706,29281,34281,59836,37374,213,0,1,0,15554,0,2516,45312,57338,112978
74,POLK,3722,10,94,5823,5977,13665,583,10,0,1,0,1381,0,199,6940,8069,15640
75,RANDOLPH,16384,38,583,48885,27212,75229,5580,291,0,5,0,12080,0,2954,40690,45318,93185
76,RICHMOND,12455,13,106,6733,7663,15871,8376,357,0,0,0,2398,0,386,11673,13953,27002
77,ROBESON,37088,16,192,11837,20222,19688,18112,23931,0,8,0,7701,0,1659,29601,37180,69440
78,ROCKINGHAM,19183,21,304,23309,17321,41763,10990,99,0,0,0,7342,0,955,27142,31766,60194
79,ROWAN,24003,54,546,40744,29378,67074,14657,187,0,3,0,12892,0,2213,40124,45714,94813
80,RUTHERFORD,11385,21,234,18958,14229,35916,4025,62,0,0,0,4858,0,665,19228,22144,44861
81,SAMPSON,13706,9,153,14774,8359,21374,10045,528,0,1,0,5085,0,2126,15823,18963,37033
82,SCOTLAND,9999,9,67,4030,5895,8958,7516,1501,0,4,0,2046,0,164,8089,10454,20025
83,STANLY,9207,18,180,19979,12935,32501,4173,81,0,1,0,5618,0,457,17992,20140,42374
84,STOKES,5950,6,167,16444,8770,27006,1148,51,0,0,0,3170,0,318,14898,16271,31375
85,SURRY,10800,22,186,21309,14108,39065,1668,48,0,1,0,5672,0,1593,20053,22872,46454
86,SWAIN,3150,6,57,2870,3572,7273,94,1516,0,1,0,775,0,63,4316,4884,9659
87,TRANSYLVANIA,6063,12,139,8372,10997,22433,741,41,0,0,0,2379,0,178,11102,12801,25594
88,TYRRELL,1088,0,10,407,699,1338,626,6,0,0,0,235,0,33,958,1075,2205
89,UNION,37531,76,974,65681,54965,112197,17402,401,0,6,0,29342,0,6597,67586,75555,159348
90,VANCE,17241,8,90,4773,6119,11116,13991,55,0,1,0,3090,0,581,11486,14739,28253
91,WAKE,282986,474,6187,179288,303213,465976,137594,1824,0,31,0,167258,0,28698,319125,366494,772683
92,WARREN,8154,0,39,2103,2590,5011,6284,524,0,1,0,1069,0,82,5530,6580,12889
93,WASHINGTON,4960,0,17,1273,1744,3564,3823,10,0,0,0,597,0,57,3359,4238,7994
94,WATAUGA,11252,48,411,12488,18109,35668,801,57,0,3,0,5803,0,995,17941,20497,42332
95,WAYNE,28424,34,390,24698,19577,39756,23052,121,0,1,0,10254,0,2365,30319,36446,73184
96,WILKES,7775,12,182,23422,11845,37410,1529,50,0,0,0,4273,0,755,18880,20941,43262
97,WILSON,25988,19,215,13562,14352,26124,21535,98,0,0,0,6421,0,1393,22363,28338,54178
98,YADKIN,3345,12,116,13944,6887,20797,710,28,0,0,0,2788,0,757,10775,11668,24323
99,YANCEY,4313,6,64,5293,4412,12745,75,20,0,0,0,1257,0,90,6373,6834,14097
100,Totals,2482228,4049,45837,2160143,2376903,4498926,1418346,51448,0,429,0,1105557,0,220605,2953341,3483291,7074706
