STATE OF ARIZONA REGISTRATION REPORT,,,,,,,,,,,,,,,,,,,,
Date: 4/11/2018 3:02:33 PM,,,,,,,,,,,,,,,,,,,Page: 1,
"2018 Special General Election - April 24, 2018",,,,,,,,,,,,,,,,,,,,
Compiled and Issued by the Arizona Secretary of State,,,,,,,,,,,,,,,,,,,,
Active,,,,,,,,,,,,,,,,,,,,
County,Precincts,,Date/Period,,,Democratic,,,Green,Libertarian,Republican,,Other,,Total,,,,,
,,,,,,,,,,,,,,,,,,,,
Maricopa,143,,2018 Special General,,,"110,162",,,634,"3,527","187,815",,"153,522",,"455,660",,,,,
,,,,,,,,,,,,,,,,,,,,
Totals:,143,,2018 Special General,,,"110,162",,,634,"3,527","187,815",,"153,522",,"455,660",,,,,
,,,,,,,,,,,,,,,,,,,,
Percentages:,,,2018 Special General,,,24.18,,,0.14,0.77,41.22,,33.69,,,,,,,
,,,,,,,,,,,,,,,,,,,,
Active,,,,,,,,,,,,,,,,,,,,
District,,,,Precincts,Democratic,,,Green,,Libertarian,,Republican,,Other,,Total,,,,
,,,,,,,,,,,,,,,,,,,,
Congressional District 8,,,,,,,,,,,,,,,,,,,,
Maricopa,,,,143,"110,162",,,634,,"3,527",,"187,815",,"153,522",,"455,660",,,,
Total:,,,,143,"110,162",,,634,,"3,527",,"187,815",,"153,522",,"455,660",,,,
,,,,,,,,,,,,,,,,,,,,
,,,,,,,,,,,,,,,,,,,,
Inactive,,,,,,,,,,,,,,,,,,,,
County,Precincts,,Date/Period,,,Democratic,,,Green,Libertarian,Republican,,Other,,Total,,,,,
,,,,,,,,,,,,,,,,,,,,
Maricopa,143,,2018 Special General,,,"9,322",,,79,407,"12,128",,"18,014",,"39,950",,,,,
,,,,,,,,,,,,,,,,,,,,
Totals:,143,,2018 Special General,,,"9,322",,,79,407,"12,128",,"18,014",,"39,950",,,,,
,,,,,,,,,,,,,,,,,,,,
Percentages:,,,2018 Special General,,,23.33,,,0.20,1.02,30.36,,45.09,,,,,,,
,,,,,,,,,,,,,,,,,,,,
Inactive,,,,,,,,,,,,,,,,,,,,
District,,,,Precincts,Democratic,,,Green,,Libertarian,,Republican,,Other,,Total,,,,
,,,,,,,,,,,,,,,,,,,,
Congressional District 8,,,,,,,,,,,,,,,,,,,,
Maricopa,,,,143,"9,322",,,79,,407,,"12,128",,"18,014",,"39,950",,,,
Total:,,,,143,"9,322",,,79,,407,,"12,128",,"18,014",,"39,950",,,,
,,,,,,,,,,,,,,,,,,,,
