STATE OF ARIZONA REGISTRATION REPORT,,,,,,,,,,,,,,,,,,
,,,,,,,,,,,,,,,,,Page: 1,
"2022 Primary Election - August 02, 2022",,,,,,,,,,,,,,,,,,
Compiled and Issued by the Arizona Secretary of State,,,,,,,,,,,,,,,,,,
Active,,,,,,,,,,,,,,,,,,
County,Precincts,,Date/Period,,,Democratic,,,Libertarian,Republican,Other,,Total,,,,,
,,,,,,,,,,,,,,,,,,
Apache,44,,JAN 2022,,,"28,160",,,206,"10,336","13,240",,"51,942",,,,,
,44,,APR 2022,,,"27,985",,,209,"10,454","13,487",,"52,135",,,,,
,44,,P.E. 2022,,,"27,867",,,217,"10,638","13,828",,"52,550",,,,,
,,,,,,,,,,,,,,,,,,
Cochise,49,,JAN 2022,,,"21,071",,,733,"32,241","28,274",,"82,319",,,,,
,55,,APR 2022,,,"20,770",,,705,"31,736","28,121",,"81,332",,,,,
,55,,P.E. 2022,,,"19,222",,,619,"29,693","25,848",,"75,382",,,,,
,,,,,,,,,,,,,,,,,,
Coconino,71,,JAN 2022,,,"38,600",,,882,"24,188","29,653",,"93,323",,,,,
,75,,APR 2022,,,"38,125",,,852,"23,952","29,735",,"92,664",,,,,
,75,,P.E. 2022,,,"37,926",,,828,"24,038","30,196",,"92,988",,,,,
,,,,,,,,,,,,,,,,,,
Gila,39,,JAN 2022,,,"9,074",,,208,"16,608","9,636",,"35,526",,,,,
,39,,APR 2022,,,"8,985",,,201,"16,546","9,706",,"35,438",,,,,
,39,,P.E. 2022,,,"8,418",,,184,"15,645","8,958",,"33,205",,,,,
,,,,,,,,,,,,,,,,,,
Graham,22,,JAN 2022,,,"4,955",,,121,"10,145","5,205",,"20,426",,,,,
,22,,APR 2022,,,"4,925",,,117,"10,138","5,271",,"20,451",,,,,
,22,,P.E. 2022,,,"4,619",,,106,"9,647","4,881",,"19,253",,,,,
,,,,,,,,,,,,,,,,,,
Greenlee,8,,JAN 2022,,,"1,601",,,49,"1,782","1,468",,"4,900",,,,,
,8,,APR 2022,,,"1,557",,,49,"1,759","1,504",,"4,869",,,,,
,8,,P.E. 2022,,,"1,468",,,44,"1,695","1,425",,"4,632",,,,,
,,,,,,,,,,,,,,,,,,
La Paz,11,,JAN 2022,,,"2,241",,,71,"5,051","3,789",,"11,152",,,,,
,11,,APR 2022,,,"2,203",,,69,"5,110","3,863",,"11,245",,,,,
,11,,P.E. 2022,,,"2,130",,,67,"5,043","3,819",,"11,059",,,,,
,,,,,,,,,,,,,,,,,,
Maricopa,743,,JAN 2022,,,"811,426",,,"23,461","906,926","903,980",,"2,645,793",,,,,
,906,,APR 2022,,,"787,971",,,"22,315","888,426","894,088",,"2,592,800",,,,,
,906,,P.E. 2022,,,"750,414",,,"20,493","848,534","854,636",,"2,474,077",,,,,
,,,,,,,,,,,,,,,,,,
Mohave,24,,JAN 2022,,,"21,565",,,957,"75,157","47,198",,"144,877",,,,,
,24,,APR 2022,,,"21,244",,,934,"75,301","47,627",,"145,106",,,,,
,24,,P.E. 2022,,,"21,086",,,948,"76,759","48,550",,"147,343",,,,,
,,,,,,,,,,,,,,,,,,
Navajo,14,,JAN 2022,,,"25,953",,,445,"25,972","20,051",,"72,421",,,,,
,14,,APR 2022,,,"25,159",,,435,"25,587","19,754",,"70,935",,,,,
,14,,P.E. 2022,,,"23,837",,,397,"24,367","18,646",,"67,247",,,,,
,,,,,,,,,,,,,,,,,,
Pima,249,,JAN 2022,,,"250,850",,,"4,862","178,375","196,042",,"630,129",,,,,
,278,,APR 2022,,,"249,268",,,"4,776","177,415","198,722",,"630,181",,,,,
,278,,P.E. 2022,,,"246,529",,,"4,685","175,879","199,227",,"626,320",,,,,
,,,,,,,,,,,,,,,,,,
Pinal,102,,JAN 2022,,,"66,009",,,"2,018","96,638","92,074",,"256,739",,,,,
,109,,APR 2022,,,"64,911",,,"1,967","96,060","92,239",,"255,177",,,,,
,109,,P.E. 2022,,,"64,818",,,"1,963","97,228","93,225",,"257,234",,,,,
,,,,,,,,,,,,,,,,,,
Santa Cruz,24,,JAN 2022,,,"14,988",,,167,"5,125","10,295",,"30,575",,,,,
,24,,APR 2022,,,"14,939",,,163,"5,125","10,472",,"30,699",,,,,
,24,,P.E. 2022,,,"14,550",,,157,"4,983","10,315",,"30,005",,,,,
,,,,,,,,,,,,,,,,,,
Yavapai,45,,JAN 2022,,,"33,634",,,"1,337","79,943","50,042",,"164,956",,,,,
,48,,APR 2022,,,"33,040",,,"1,304","79,843","50,236",,"164,423",,,,,
,48,,P.E. 2022,,,"31,965",,,"1,247","79,344","48,835",,"161,391",,,,,
,,,,,,,,,,,,,,,,,,
Yuma,44,,JAN 2022,,,"34,051",,,732,"32,815","38,770",,"106,368",,,,,
,46,,APR 2022,,,"32,919",,,657,"31,329","37,988",,"102,893",,,,,
,46,,P.E. 2022,,,"32,330",,,645,"31,345","39,061",,"103,381",,,,,
,,,,,,,,,,,,,,,,,,
Totals:,"1,489",,JAN 2022,,,"1,364,178",,,"36,249","1,501,302","1,449,717",,"4,351,446",,,,,
,"1,703",,APR 2022,,,"1,334,001",,,"34,753","1,478,781","1,442,813",,"4,290,348",,,,,
,"1,703",,P.E. 2022,,,"1,287,179",,,"32,600","1,434,838","1,401,450",,"4,156,067",,,,,
,,,,,,,,,,,,,,,,,,
Percentages:,,,JAN 2022,,,31.35,,,0.83,34.50,33.32,,,,,,,
,,,APR 2022,,,31.09,,,0.81,34.47,33.63,,,,,,,
,,,P.E. 2022,,,30.97,,,0.78,34.52,33.72,,,,,,,
,,,,,,,,,,,,,,,,,,
Active,,,,,,,,,,,,,,,,,,
District,,,,Precincts,Democratic,,,Libertarian,,Republican,,Other,,Total,,,,
,,,,,,,,,,,,,,,,,,
Congressional District 1,,,,,,,,,,,,,,,,,,
Maricopa,,,,206,"146,760",,,"4,100",,"193,862",,"169,157",,"513,879",,,,
Total:,,,,206,"146,760",,,"4,100",,"193,862",,"169,157",,"513,879",,,,
,,,,,,,,,,,,,,,,,,
Congressional District 2,,,,,,,,,,,,,,,,,,
Apache,,,,44,"27,867",,,217,,"10,638",,"13,828",,"52,550",,,,
Coconino,,,,75,"37,926",,,828,,"24,038",,"30,196",,"92,988",,,,
Gila,,,,39,"8,418",,,184,,"15,645",,"8,958",,"33,205",,,,
Graham,,,,2,"1,294",,,6,,172,,593,,"2,065",,,,
Maricopa,,,,3,645,,,10,,87,,618,,"1,360",,,,
Mohave,,,,2,271,,,5,,106,,356,,738,,,,
Navajo,,,,14,"23,837",,,397,,"24,367",,"18,646",,"67,247",,,,
Pinal,,,,50,"28,451",,,746,,"35,852",,"38,312",,"103,361",,,,
Yavapai,,,,48,"31,965",,,"1,247",,"79,344",,"48,835",,"161,391",,,,
Total:,,,,277,"160,674",,,"3,640",,"190,249",,"160,342",,"514,905",,,,
,,,,,,,,,,,,,,,,,,
Congressional District 3,,,,,,,,,,,,,,,,,,
Maricopa,,,,123,"153,128",,,"2,370",,"45,197",,"122,599",,"323,294",,,,
Total:,,,,123,"153,128",,,"2,370",,"45,197",,"122,599",,"323,294",,,,
,,,,,,,,,,,,,,,,,,
Congressional District 4,,,,,,,,,,,,,,,,,,
Maricopa,,,,146,"138,479",,,"4,210",,"139,001",,"154,227",,"435,917",,,,
Total:,,,,146,"138,479",,,"4,210",,"139,001",,"154,227",,"435,917",,,,
,,,,,,,,,,,,,,,,,,
Congressional District 5,,,,,,,,,,,,,,,,,,
Maricopa,,,,120,"93,607",,,"3,392",,"167,420",,"132,113",,"396,532",,,,
Pinal,,,,30,"20,388",,,909,,"42,279",,"35,711",,"99,287",,,,
Total:,,,,150,"113,995",,,"4,301",,"209,699",,"167,824",,"495,819",,,,
,,,,,,,,,,,,,,,,,,
Congressional District 6,,,,,,,,,,,,,,,,,,
Cochise,,,,43,"11,844",,,540,,"26,852",,"19,973",,"59,209",,,,
Graham,,,,20,"3,325",,,100,,"9,475",,"4,288",,"17,188",,,,
Greenlee,,,,8,"1,468",,,44,,"1,695",,"1,425",,"4,632",,,,
Pima,,,,155,"132,637",,,"2,824",,"127,981",,"117,010",,"380,452",,,,
Pinal,,,,25,"15,023",,,280,,"17,715",,"17,756",,"50,774",,,,
Total:,,,,251,"164,297",,,"3,788",,"183,718",,"160,452",,"512,255",,,,
,,,,,,,,,,,,,,,,,,
Congressional District 7,,,,,,,,,,,,,,,,,,
Cochise,,,,12,"7,378",,,79,,"2,841",,"5,875",,"16,173",,,,
Maricopa,,,,23,"21,429",,,377,,"10,482",,"20,444",,"52,732",,,,
Pima,,,,123,"113,892",,,"1,861",,"47,898",,"82,217",,"245,868",,,,
Pinal,,,,4,956,,,28,,"1,382",,"1,446",,"3,812",,,,
Santa Cruz,,,,24,"14,550",,,157,,"4,983",,"10,315",,"30,005",,,,
Yuma,,,,27,"22,837",,,329,,"11,251",,"23,274",,"57,691",,,,
Total:,,,,213,"181,042",,,"2,831",,"78,837",,"143,571",,"406,281",,,,
,,,,,,,,,,,,,,,,,,
Congressional District 8,,,,,,,,,,,,,,,,,,
Maricopa,,,,173,"123,289",,,"3,761",,"190,235",,"156,967",,"474,252",,,,
Total:,,,,173,"123,289",,,"3,761",,"190,235",,"156,967",,"474,252",,,,
,,,,,,,,,,,,,,,,,,
Congressional District 9,,,,,,,,,,,,,,,,,,
La Paz,,,,11,"2,130",,,67,,"5,043",,"3,819",,"11,059",,,,
Maricopa,,,,112,"73,077",,,"2,273",,"102,250",,"98,511",,"276,111",,,,
Mohave,,,,22,"20,815",,,943,,"76,653",,"48,194",,"146,605",,,,
Yuma,,,,19,"9,493",,,316,,"20,094",,"15,787",,"45,690",,,,
Total:,,,,164,"105,515",,,"3,599",,"204,040",,"166,311",,"479,465",,,,
,,,,,,,,,,,,,,,,,,
Legislative District 1,,,,,,,,,,,,,,,,,,
Coconino,,,,1,819,,,17,,662,,753,,"2,251",,,,
Yavapai,,,,45,"31,829",,,"1,241",,"78,614",,"48,526",,"160,210",,,,
Total:,,,,46,"32,648",,,"1,258",,"79,276",,"49,279",,"162,461",,,,
,,,,,,,,,,,,,,,,,,
Legislative District 2,,,,,,,,,,,,,,,,,,
Maricopa,,,,48,"37,762",,,"1,383",,"46,704",,"48,316",,"134,165",,,,
Total:,,,,48,"37,762",,,"1,383",,"46,704",,"48,316",,"134,165",,,,
,,,,,,,,,,,,,,,,,,
Legislative District 3,,,,,,,,,,,,,,,,,,
Maricopa,,,,58,"36,140",,,"1,157",,"82,899",,"54,316",,"174,512",,,,
Total:,,,,58,"36,140",,,"1,157",,"82,899",,"54,316",,"174,512",,,,
,,,,,,,,,,,,,,,,,,
Legislative District 4,,,,,,,,,,,,,,,,,,
Maricopa,,,,70,"47,439",,,"1,345",,"66,766",,"54,214",,"169,764",,,,
Total:,,,,70,"47,439",,,"1,345",,"66,766",,"54,214",,"169,764",,,,
,,,,,,,,,,,,,,,,,,
Legislative District 5,,,,,,,,,,,,,,,,,,
Maricopa,,,,54,"56,261",,,"1,155",,"27,713",,"42,933",,"128,062",,,,
Total:,,,,54,"56,261",,,"1,155",,"27,713",,"42,933",,"128,062",,,,
,,,,,,,,,,,,,,,,,,
Legislative District 6,,,,,,,,,,,,,,,,,,
Apache,,,,44,"27,867",,,217,,"10,638",,"13,828",,"52,550",,,,
Coconino,,,,49,"25,919",,,484,,"13,766",,"18,656",,"58,825",,,,
Gila,,,,3,"2,020",,,7,,234,,"1,026",,"3,287",,,,
Graham,,,,2,"1,294",,,6,,172,,593,,"2,065",,,,
Mohave,,,,2,271,,,5,,106,,356,,738,,,,
Navajo,,,,7,"19,259",,,154,,"4,695",,"9,901",,"34,009",,,,
Pinal,,,,1,0,,,0,,0,,0,,0,,,,
Total:,,,,108,"76,630",,,873,,"29,611",,"44,360",,"151,474",,,,
,,,,,,,,,,,,,,,,,,
Legislative District 7,,,,,,,,,,,,,,,,,,
Coconino,,,,25,"11,188",,,327,,"9,610",,"10,787",,"31,912",,,,
Gila,,,,36,"6,398",,,177,,"15,411",,"7,932",,"29,918",,,,
Navajo,,,,7,"4,578",,,243,,"19,672",,"8,745",,"33,238",,,,
Pinal,,,,27,"13,525",,,406,,"23,569",,"19,472",,"56,972",,,,
Total:,,,,95,"35,689",,,"1,153",,"68,262",,"46,936",,"152,040",,,,
,,,,,,,,,,,,,,,,,,
Legislative District 8,,,,,,,,,,,,,,,,,,
Maricopa,,,,57,"45,014",,,"1,310",,"30,329",,"46,061",,"122,714",,,,
Total:,,,,57,"45,014",,,"1,310",,"30,329",,"46,061",,"122,714",,,,
,,,,,,,,,,,,,,,,,,
Legislative District 9,,,,,,,,,,,,,,,,,,
Maricopa,,,,39,"35,643",,,"1,251",,"36,588",,"42,998",,"116,480",,,,
Total:,,,,39,"35,643",,,"1,251",,"36,588",,"42,998",,"116,480",,,,
,,,,,,,,,,,,,,,,,,
Legislative District 10,,,,,,,,,,,,,,,,,,
Maricopa,,,,43,"31,353",,,"1,137",,"59,201",,"45,265",,"136,956",,,,
Pinal,,,,3,"1,491",,,58,,"2,799",,"2,752",,"7,100",,,,
Total:,,,,46,"32,844",,,"1,195",,"62,000",,"48,017",,"144,056",,,,
,,,,,,,,,,,,,,,,,,
Legislative District 11,,,,,,,,,,,,,,,,,,
Maricopa,,,,37,"53,398",,,733,,"15,056",,"40,343",,"109,530",,,,
Total:,,,,37,"53,398",,,733,,"15,056",,"40,343",,"109,530",,,,
,,,,,,,,,,,,,,,,,,
Legislative District 12,,,,,,,,,,,,,,,,,,
Maricopa,,,,48,"51,641",,,"1,324",,"45,578",,"51,902",,"150,445",,,,
Total:,,,,48,"51,641",,,"1,324",,"45,578",,"51,902",,"150,445",,,,
,,,,,,,,,,,,,,,,,,
Legislative District 13,,,,,,,,,,,,,,,,,,
Maricopa,,,,45,"40,728",,,"1,101",,"50,913",,"49,159",,"141,901",,,,
Total:,,,,45,"40,728",,,"1,101",,"50,913",,"49,159",,"141,901",,,,
,,,,,,,,,,,,,,,,,,
Legislative District 14,,,,,,,,,,,,,,,,,,
Maricopa,,,,44,"33,620",,,"1,335",,"62,919",,"48,673",,"146,547",,,,
Total:,,,,44,"33,620",,,"1,335",,"62,919",,"48,673",,"146,547",,,,
,,,,,,,,,,,,,,,,,,
Legislative District 15,,,,,,,,,,,,,,,,,,
Maricopa,,,,26,"17,176",,,773,,"40,125",,"27,436",,"85,510",,,,
Pinal,,,,19,"13,928",,,663,,"29,074",,"24,095",,"67,760",,,,
Total:,,,,45,"31,104",,,"1,436",,"69,199",,"51,531",,"153,270",,,,
,,,,,,,,,,,,,,,,,,
Legislative District 16,,,,,,,,,,,,,,,,,,
Maricopa,,,,2,637,,,9,,85,,602,,"1,333",,,,
Pima,,,,17,"8,913",,,201,,"7,800",,"7,378",,"24,292",,,,
Pinal,,,,53,"32,484",,,776,,"36,059",,"43,166",,"112,485",,,,
Total:,,,,72,"42,034",,,986,,"43,944",,"51,146",,"138,110",,,,
,,,,,,,,,,,,,,,,,,
Legislative District 17,,,,,,,,,,,,,,,,,,
Pima,,,,63,"47,528",,,"1,211",,"61,170",,"48,500",,"158,409",,,,
Pinal,,,,5,"3,240",,,60,,"5,718",,"3,654",,"12,672",,,,
Total:,,,,68,"50,768",,,"1,271",,"66,888",,"52,154",,"171,081",,,,
,,,,,,,,,,,,,,,,,,
Legislative District 18,,,,,,,,,,,,,,,,,,
Pima,,,,65,"64,804",,,"1,230",,"44,326",,"48,107",,"158,467",,,,
Total:,,,,65,"64,804",,,"1,230",,"44,326",,"48,107",,"158,467",,,,
,,,,,,,,,,,,,,,,,,
Legislative District 19,,,,,,,,,,,,,,,,,,
Cochise,,,,48,"16,627",,,572,,"28,112",,"23,754",,"69,065",,,,
Graham,,,,20,"3,325",,,100,,"9,475",,"4,288",,"17,188",,,,
Greenlee,,,,8,"1,468",,,44,,"1,695",,"1,425",,"4,632",,,,
Pima,,,,17,"13,581",,,268,,"19,384",,"14,610",,"47,843",,,,
Santa Cruz,,,,3,827,,,26,,829,,690,,"2,372",,,,
Total:,,,,96,"35,828",,,"1,010",,"59,495",,"44,767",,"141,100",,,,
,,,,,,,,,,,,,,,,,,
Legislative District 20,,,,,,,,,,,,,,,,,,
Pima,,,,56,"61,793",,,844,,"17,705",,"39,952",,"120,294",,,,
Total:,,,,56,"61,793",,,844,,"17,705",,"39,952",,"120,294",,,,
,,,,,,,,,,,,,,,,,,
Legislative District 21,,,,,,,,,,,,,,,,,,
Cochise,,,,7,"2,595",,,47,,"1,581",,"2,094",,"6,317",,,,
Pima,,,,42,"39,184",,,771,,"21,097",,"32,863",,"93,915",,,,
Santa Cruz,,,,21,"13,723",,,131,,"4,154",,"9,625",,"27,633",,,,
Total:,,,,70,"55,502",,,949,,"26,832",,"44,582",,"127,865",,,,
,,,,,,,,,,,,,,,,,,
Legislative District 22,,,,,,,,,,,,,,,,,,
Maricopa,,,,40,"44,132",,,738,,"18,619",,"41,532",,"105,021",,,,
Total:,,,,40,"44,132",,,738,,"18,619",,"41,532",,"105,021",,,,
,,,,,,,,,,,,,,,,,,
Legislative District 23,,,,,,,,,,,,,,,,,,
Maricopa,,,,20,"11,547",,,325,,"13,253",,"14,570",,"39,695",,,,
Pima,,,,18,"10,726",,,160,,"4,397",,"7,817",,"23,100",,,,
Pinal,,,,1,150,,,0,,9,,86,,245,,,,
Yuma,,,,26,"22,434",,,324,,"10,935",,"22,814",,"56,507",,,,
Total:,,,,65,"44,857",,,809,,"28,594",,"45,287",,"119,547",,,,
,,,,,,,,,,,,,,,,,,
Legislative District 24,,,,,,,,,,,,,,,,,,
Maricopa,,,,38,"37,318",,,708,,"17,198",,"35,323",,"90,547",,,,
Total:,,,,38,"37,318",,,708,,"17,198",,"35,323",,"90,547",,,,
,,,,,,,,,,,,,,,,,,
Legislative District 25,,,,,,,,,,,,,,,,,,
Maricopa,,,,44,"21,943",,,776,,"36,703",,"32,717",,"92,139",,,,
Yuma,,,,20,"9,896",,,321,,"20,410",,"16,247",,"46,874",,,,
Total:,,,,64,"31,839",,,"1,097",,"57,113",,"48,964",,"139,013",,,,
,,,,,,,,,,,,,,,,,,
Legislative District 26,,,,,,,,,,,,,,,,,,
Maricopa,,,,34,"36,553",,,640,,"14,546",,"32,880",,"84,619",,,,
Total:,,,,34,"36,553",,,640,,"14,546",,"32,880",,"84,619",,,,
,,,,,,,,,,,,,,,,,,
Legislative District 27,,,,,,,,,,,,,,,,,,
Maricopa,,,,51,"38,863",,,"1,290",,"51,163",,"47,781",,"139,097",,,,
Total:,,,,51,"38,863",,,"1,290",,"51,163",,"47,781",,"139,097",,,,
,,,,,,,,,,,,,,,,,,
Legislative District 28,,,,,,,,,,,,,,,,,,
Maricopa,,,,59,"35,806",,,912,,"74,377",,"46,894",,"157,989",,,,
Total:,,,,59,"35,806",,,912,,"74,377",,"46,894",,"157,989",,,,
,,,,,,,,,,,,,,,,,,
Legislative District 29,,,,,,,,,,,,,,,,,,
Maricopa,,,,47,"36,599",,,"1,049",,"54,628",,"49,053",,"141,329",,,,
Total:,,,,47,"36,599",,,"1,049",,"54,628",,"49,053",,"141,329",,,,
,,,,,,,,,,,,,,,,,,
Legislative District 30,,,,,,,,,,,,,,,,,,
La Paz,,,,11,"2,130",,,67,,"5,043",,"3,819",,"11,059",,,,
Maricopa,,,,2,841,,,42,,"3,171",,"1,668",,"5,722",,,,
Mohave,,,,22,"20,815",,,943,,"76,653",,"48,194",,"146,605",,,,
Yavapai,,,,3,136,,,6,,730,,309,,"1,181",,,,
Total:,,,,38,"23,922",,,"1,058",,"85,597",,"53,990",,"164,567",,,,
,,,,,,,,,,,,,,,,,,
State Total:,,,,1703,"1,287,179",,,"32,600",,"1,434,838",,"1,401,450",,"4,156,067",,,,
Inactive,,,,,,,,,,,,,,,,,,
County,Precincts,,Date/Period,,,Democratic,,,Libertarian,Republican,Other,,Total,,,,,
,,,,,,,,,,,,,,,,,,
Apache,44,,JAN 2022,,,"1,386",,,8,744,968,,"3,106",,,,,
,44,,APR 2022,,,"1,411",,,7,755,975,,"3,148",,,,,
,44,,P.E. 2022,,,"1,416",,,8,755,"1,005",,"3,184",,,,,
,,,,,,,,,,,,,,,,,,
Cochise,49,,JAN 2022,,,958,,,41,"1,271","1,515",,"3,785",,,,,
,55,,APR 2022,,,"1,059",,,47,"1,431","1,823",,"4,360",,,,,
,55,,P.E. 2022,,,"2,340",,,125,"3,381","4,401",,"10,247",,,,,
,,,,,,,,,,,,,,,,,,
Coconino,71,,JAN 2022,,,"3,098",,,122,"1,877","3,880",,"8,977",,,,,
,75,,APR 2022,,,"3,395",,,139,"2,081","4,281",,"9,896",,,,,
,75,,P.E. 2022,,,"3,352",,,133,"2,051","4,230",,"9,766",,,,,
,,,,,,,,,,,,,,,,,,
Gila,39,,JAN 2022,,,428,,,16,607,770,,"1,821",,,,,
,39,,APR 2022,,,471,,,20,713,825,,"2,029",,,,,
,39,,P.E. 2022,,,913,,,36,"1,727","1,615",,"4,291",,,,,
,,,,,,,,,,,,,,,,,,
Graham,22,,JAN 2022,,,496,,,15,601,703,,"1,815",,,,,
,22,,APR 2022,,,493,,,14,628,699,,"1,834",,,,,
,22,,P.E. 2022,,,753,,,33,"1,158","1,127",,"3,071",,,,,
,,,,,,,,,,,,,,,,,,
Greenlee,8,,JAN 2022,,,58,,,1,83,98,,240,,,,,
,8,,APR 2022,,,63,,,1,82,105,,251,,,,,
,8,,P.E. 2022,,,104,,,4,155,213,,476,,,,,
,,,,,,,,,,,,,,,,,,
La Paz,11,,JAN 2022,,,323,,,3,541,588,,"1,455",,,,,
,11,,APR 2022,,,323,,,3,546,599,,"1,471",,,,,
,11,,P.E. 2022,,,377,,,8,700,734,,"1,819",,,,,
,,,,,,,,,,,,,,,,,,
Maricopa,743,,JAN 2022,,,"61,257",,,"2,266","53,072","96,597",,"213,192",,,,,
,906,,APR 2022,,,"82,247",,,"3,090","71,688","121,545",,"278,570",,,,,
,906,,P.E. 2022,,,"119,284",,,"4,741","114,303","177,793",,"416,121",,,,,
,,,,,,,,,,,,,,,,,,
Mohave,24,,JAN 2022,,,"3,182",,,145,"7,006","8,739",,"19,072",,,,,
,24,,APR 2022,,,"1,940",,,94,"4,763","4,973",,"11,770",,,,,
,24,,P.E. 2022,,,"1,903",,,94,"4,659","4,892",,"11,548",,,,,
,,,,,,,,,,,,,,,,,,
Navajo,14,,JAN 2022,,,"2,274",,,76,"2,662","3,371",,"8,383",,,,,
,14,,APR 2022,,,"1,435",,,40,"1,773","1,919",,"5,167",,,,,
,14,,P.E. 2022,,,"2,483",,,68,"3,284","3,229",,"9,064",,,,,
,,,,,,,,,,,,,,,,,,
Pima,249,,JAN 2022,,,"17,962",,,609,"12,600","23,927",,"55,098",,,,,
,278,,APR 2022,,,"18,518",,,630,"13,087","24,621",,"56,856",,,,,
,278,,P.E. 2022,,,"21,156",,,717,"15,173","27,713",,"64,759",,,,,
,,,,,,,,,,,,,,,,,,
Pinal,102,,JAN 2022,,,"2,965",,,111,"3,684","5,173",,"11,933",,,,,
,109,,APR 2022,,,"3,548",,,137,"4,447","6,411",,"14,543",,,,,
,109,,P.E. 2022,,,"4,132",,,183,"5,483","8,111",,"17,909",,,,,
,,,,,,,,,,,,,,,,,,
Santa Cruz,24,,JAN 2022,,,349,,,5,159,316,,829,,,,,
,24,,APR 2022,,,359,,,5,174,329,,867,,,,,
,24,,P.E. 2022,,,705,,,12,387,684,,"1,788",,,,,
,,,,,,,,,,,,,,,,,,
Yavapai,45,,JAN 2022,,,"3,362",,,237,"6,086","6,010",,"15,695",,,,,
,48,,APR 2022,,,"3,724",,,261,"6,905","6,746",,"17,636",,,,,
,48,,P.E. 2022,,,"4,565",,,314,"8,736","8,829",,"22,444",,,,,
,,,,,,,,,,,,,,,,,,
Yuma,44,,JAN 2022,,,"2,027",,,66,"1,707","3,203",,"7,003",,,,,
,46,,APR 2022,,,"2,864",,,124,"3,026","4,730",,"10,744",,,,,
,46,,P.E. 2022,,,"3,404",,,137,"3,516","5,471",,"12,528",,,,,
,,,,,,,,,,,,,,,,,,
Totals:,"1,489",,JAN 2022,,,"100,125",,,"3,721","92,700","155,858",,"352,404",,,,,
,"1,703",,APR 2022,,,"121,850",,,"4,612","112,099","180,581",,"419,142",,,,,
,"1,703",,P.E. 2022,,,"166,887",,,"6,613","165,468","250,047",,"589,015",,,,,
,,,,,,,,,,,,,,,,,,
Percentages:,,,JAN 2022,,,28.41,,,1.06,26.31,44.23,,,,,,,
,,,APR 2022,,,29.07,,,1.10,26.74,43.08,,,,,,,
,,,P.E. 2022,,,28.33,,,1.12,28.09,42.45,,,,,,,
,,,,,,,,,,,,,,,,,,
Inactive,,,,,,,,,,,,,,,,,,
District,,,,Precincts,Democratic,,,Libertarian,,Republican,,Other,,Total,,,,
,,,,,,,,,,,,,,,,,,
Congressional District 1,,,,,,,,,,,,,,,,,,
Maricopa,,,,206,"22,674",,,"1,056",,"25,980",,"36,013",,"85,723",,,,
Total:,,,,206,"22,674",,,"1,056",,"25,980",,"36,013",,"85,723",,,,
,,,,,,,,,,,,,,,,,,
Congressional District 2,,,,,,,,,,,,,,,,,,
Apache,,,,44,"1,416",,,8,,755,,"1,005",,"3,184",,,,
Coconino,,,,75,"3,352",,,133,,"2,051",,"4,230",,"9,766",,,,
Gila,,,,39,913,,,36,,"1,727",,"1,615",,"4,291",,,,
Graham,,,,2,298,,,2,,39,,151,,490,,,,
Maricopa,,,,3,75,,,0,,8,,70,,153,,,,
Mohave,,,,2,11,,,0,,10,,22,,43,,,,
Navajo,,,,14,"2,483",,,68,,"3,284",,"3,229",,"9,064",,,,
Pinal,,,,50,"2,044",,,75,,"2,338",,"3,722",,"8,179",,,,
Yavapai,,,,48,"4,565",,,314,,"8,736",,"8,829",,"22,444",,,,
Total:,,,,277,"15,157",,,636,,"18,948",,"22,873",,"57,614",,,,
,,,,,,,,,,,,,,,,,,
Congressional District 3,,,,,,,,,,,,,,,,,,
Maricopa,,,,123,"25,929",,,638,,"9,112",,"28,222",,"63,901",,,,
Total:,,,,123,"25,929",,,638,,"9,112",,"28,222",,"63,901",,,,
,,,,,,,,,,,,,,,,,,
Congressional District 4,,,,,,,,,,,,,,,,,,
Maricopa,,,,146,"26,964",,,"1,165",,"21,956",,"39,953",,"90,038",,,,
Total:,,,,146,"26,964",,,"1,165",,"21,956",,"39,953",,"90,038",,,,
,,,,,,,,,,,,,,,,,,
Congressional District 5,,,,,,,,,,,,,,,,,,
Maricopa,,,,120,"11,867",,,668,,"19,518",,"21,180",,"53,233",,,,
Pinal,,,,30,983,,,71,,"1,920",,"2,327",,"5,301",,,,
Total:,,,,150,"12,850",,,739,,"21,438",,"23,507",,"58,534",,,,
,,,,,,,,,,,,,,,,,,
Congressional District 6,,,,,,,,,,,,,,,,,,
Cochise,,,,43,"1,655",,,114,,"3,069",,"3,534",,"8,372",,,,
Graham,,,,20,455,,,31,,"1,119",,976,,"2,581",,,,
Greenlee,,,,8,104,,,4,,155,,213,,476,,,,
Pima,,,,155,"10,426",,,457,,"10,129",,"15,120",,"36,132",,,,
Pinal,,,,25,"1,059",,,36,,"1,139",,"1,959",,"4,193",,,,
Total:,,,,251,"13,699",,,642,,"15,611",,"21,802",,"51,754",,,,
,,,,,,,,,,,,,,,,,,
Congressional District 7,,,,,,,,,,,,,,,,,,
Cochise,,,,12,685,,,11,,312,,867,,"1,875",,,,
Maricopa,,,,23,"3,557",,,72,,"1,975",,"4,526",,"10,130",,,,
Pima,,,,123,"10,730",,,260,,"5,044",,"12,593",,"28,627",,,,
Pinal,,,,4,46,,,1,,86,,103,,236,,,,
Santa Cruz,,,,24,705,,,12,,387,,684,,"1,788",,,,
Yuma,,,,27,"2,170",,,51,,"1,137",,"2,951",,"6,309",,,,
Total:,,,,213,"17,893",,,407,,"8,941",,"21,724",,"48,965",,,,
,,,,,,,,,,,,,,,,,,
Congressional District 8,,,,,,,,,,,,,,,,,,
Maricopa,,,,173,"18,000",,,727,,"22,500",,"30,297",,"71,524",,,,
Total:,,,,173,"18,000",,,727,,"22,500",,"30,297",,"71,524",,,,
,,,,,,,,,,,,,,,,,,
Congressional District 9,,,,,,,,,,,,,,,,,,
La Paz,,,,11,377,,,8,,700,,734,,"1,819",,,,
Maricopa,,,,112,"10,218",,,415,,"13,254",,"17,532",,"41,419",,,,
Mohave,,,,22,"1,892",,,94,,"4,649",,"4,870",,"11,505",,,,
Yuma,,,,19,"1,234",,,86,,"2,379",,"2,520",,"6,219",,,,
Total:,,,,164,"13,721",,,603,,"20,982",,"25,656",,"60,962",,,,
,,,,,,,,,,,,,,,,,,
Legislative District 1,,,,,,,,,,,,,,,,,,
Coconino,,,,1,54,,,2,,21,,82,,159,,,,
Yavapai,,,,45,"4,559",,,314,,"8,704",,"8,793",,"22,370",,,,
Total:,,,,46,"4,613",,,316,,"8,725",,"8,875",,"22,529",,,,
,,,,,,,,,,,,,,,,,,
Legislative District 2,,,,,,,,,,,,,,,,,,
Maricopa,,,,48,"6,382",,,334,,"6,717",,"11,511",,"24,944",,,,
Total:,,,,48,"6,382",,,334,,"6,717",,"11,511",,"24,944",,,,
,,,,,,,,,,,,,,,,,,
Legislative District 3,,,,,,,,,,,,,,,,,,
Maricopa,,,,58,"4,339",,,243,,"9,360",,"8,598",,"22,540",,,,
Total:,,,,58,"4,339",,,243,,"9,360",,"8,598",,"22,540",,,,
,,,,,,,,,,,,,,,,,,
Legislative District 4,,,,,,,,,,,,,,,,,,
Maricopa,,,,70,"6,378",,,306,,"8,211",,"10,013",,"24,908",,,,
Total:,,,,70,"6,378",,,306,,"8,211",,"10,013",,"24,908",,,,
,,,,,,,,,,,,,,,,,,
Legislative District 5,,,,,,,,,,,,,,,,,,
Maricopa,,,,54,"11,292",,,374,,"5,132",,"12,030",,"28,828",,,,
Total:,,,,54,"11,292",,,374,,"5,132",,"12,030",,"28,828",,,,
,,,,,,,,,,,,,,,,,,
Legislative District 6,,,,,,,,,,,,,,,,,,
Apache,,,,44,"1,416",,,8,,755,,"1,005",,"3,184",,,,
Coconino,,,,49,"1,507",,,62,,963,,"2,061",,"4,593",,,,
Gila,,,,3,240,,,0,,25,,147,,412,,,,
Graham,,,,2,298,,,2,,39,,151,,490,,,,
Mohave,,,,2,11,,,0,,10,,22,,43,,,,
Navajo,,,,7,"1,766",,,25,,638,,"1,402",,"3,831",,,,
Pinal,,,,1,0,,,0,,0,,0,,0,,,,
Total:,,,,108,"5,238",,,97,,"2,430",,"4,788",,"12,553",,,,
,,,,,,,,,,,,,,,,,,
Legislative District 7,,,,,,,,,,,,,,,,,,
Coconino,,,,25,"1,791",,,69,,"1,067",,"2,087",,"5,014",,,,
Gila,,,,36,673,,,36,,"1,702",,"1,468",,"3,879",,,,
Navajo,,,,7,717,,,43,,"2,646",,"1,827",,"5,233",,,,
Pinal,,,,27,657,,,23,,"1,013",,"1,303",,"2,996",,,,
Total:,,,,95,"3,838",,,171,,"6,428",,"6,685",,"17,122",,,,
,,,,,,,,,,,,,,,,,,
Legislative District 8,,,,,,,,,,,,,,,,,,
Maricopa,,,,57,"11,937",,,482,,"7,481",,"16,149",,"36,049",,,,
Total:,,,,57,"11,937",,,482,,"7,481",,"16,149",,"36,049",,,,
,,,,,,,,,,,,,,,,,,
Legislative District 9,,,,,,,,,,,,,,,,,,
Maricopa,,,,39,"7,660",,,364,,"6,397",,"13,008",,"27,429",,,,
Total:,,,,39,"7,660",,,364,,"6,397",,"13,008",,"27,429",,,,
,,,,,,,,,,,,,,,,,,
Legislative District 10,,,,,,,,,,,,,,,,,,
Maricopa,,,,43,"4,622",,,241,,"7,885",,"9,407",,"22,155",,,,
Pinal,,,,3,76,,,3,,137,,224,,440,,,,
Total:,,,,46,"4,698",,,244,,"8,022",,"9,631",,"22,595",,,,
,,,,,,,,,,,,,,,,,,
Legislative District 11,,,,,,,,,,,,,,,,,,
Maricopa,,,,37,"7,386",,,167,,"2,569",,"7,490",,"17,612",,,,
Total:,,,,37,"7,386",,,167,,"2,569",,"7,490",,"17,612",,,,
,,,,,,,,,,,,,,,,,,
Legislative District 12,,,,,,,,,,,,,,,,,,
Maricopa,,,,48,"7,917",,,316,,"5,771",,"10,508",,"24,512",,,,
Total:,,,,48,"7,917",,,316,,"5,771",,"10,508",,"24,512",,,,
,,,,,,,,,,,,,,,,,,
Legislative District 13,,,,,,,,,,,,,,,,,,
Maricopa,,,,45,"6,057",,,261,,"6,665",,"9,153",,"22,136",,,,
Total:,,,,45,"6,057",,,261,,"6,665",,"9,153",,"22,136",,,,
,,,,,,,,,,,,,,,,,,
Legislative District 14,,,,,,,,,,,,,,,,,,
Maricopa,,,,44,"4,515",,,289,,"7,943",,"8,191",,"20,938",,,,
Total:,,,,44,"4,515",,,289,,"7,943",,"8,191",,"20,938",,,,
,,,,,,,,,,,,,,,,,,
Legislative District 15,,,,,,,,,,,,,,,,,,
Maricopa,,,,26,"1,650",,,112,,"3,651",,"3,145",,"8,558",,,,
Pinal,,,,19,637,,,59,,"1,274",,"1,469",,"3,439",,,,
Total:,,,,45,"2,287",,,171,,"4,925",,"4,614",,"11,997",,,,
,,,,,,,,,,,,,,,,,,
Legislative District 16,,,,,,,,,,,,,,,,,,
Maricopa,,,,2,74,,,0,,7,,69,,150,,,,
Pima,,,,17,437,,,19,,447,,643,,"1,546",,,,
Pinal,,,,53,"2,672",,,92,,"2,887",,"4,973",,"10,624",,,,
Total:,,,,72,"3,183",,,111,,"3,341",,"5,685",,"12,320",,,,
,,,,,,,,,,,,,,,,,,
Legislative District 17,,,,,,,,,,,,,,,,,,
Pima,,,,63,"3,004",,,174,,"4,233",,"5,070",,"12,481",,,,
Pinal,,,,5,88,,,6,,172,,142,,408,,,,
Total:,,,,68,"3,092",,,180,,"4,405",,"5,212",,"12,889",,,,
,,,,,,,,,,,,,,,,,,
Legislative District 18,,,,,,,,,,,,,,,,,,
Pima,,,,65,"5,692",,,189,,"3,856",,"7,228",,"16,965",,,,
Total:,,,,65,"5,692",,,189,,"3,856",,"7,228",,"16,965",,,,
,,,,,,,,,,,,,,,,,,
Legislative District 19,,,,,,,,,,,,,,,,,,
Cochise,,,,48,"2,120",,,120,,"3,246",,"4,123",,"9,609",,,,
Graham,,,,20,455,,,31,,"1,119",,976,,"2,581",,,,
Greenlee,,,,8,104,,,4,,155,,213,,476,,,,
Pima,,,,17,952,,,54,,"1,491",,"1,622",,"4,119",,,,
Santa Cruz,,,,3,97,,,4,,123,,100,,324,,,,
Total:,,,,96,"3,728",,,213,,"6,134",,"7,034",,"17,109",,,,
,,,,,,,,,,,,,,,,,,
Legislative District 20,,,,,,,,,,,,,,,,,,
Pima,,,,56,"6,751",,,152,,"2,508",,"7,126",,"16,537",,,,
Total:,,,,56,"6,751",,,152,,"2,508",,"7,126",,"16,537",,,,
,,,,,,,,,,,,,,,,,,
Legislative District 21,,,,,,,,,,,,,,,,,,
Cochise,,,,7,220,,,5,,135,,278,,638,,,,
Pima,,,,42,"3,739",,,113,,"2,316",,"5,224",,"11,392",,,,
Santa Cruz,,,,21,608,,,8,,264,,584,,"1,464",,,,
Total:,,,,70,"4,567",,,126,,"2,715",,"6,086",,"13,494",,,,
,,,,,,,,,,,,,,,,,,
Legislative District 22,,,,,,,,,,,,,,,,,,
Maricopa,,,,40,"7,124",,,161,,"3,405",,"8,930",,"19,620",,,,
Total:,,,,40,"7,124",,,161,,"3,405",,"8,930",,"19,620",,,,
,,,,,,,,,,,,,,,,,,
Legislative District 23,,,,,,,,,,,,,,,,,,
Maricopa,,,,20,"1,514",,,74,,"1,767",,"2,474",,"5,829",,,,
Pima,,,,18,581,,,16,,322,,800,,"1,719",,,,
Pinal,,,,1,2,,,0,,0,,0,,2,,,,
Yuma,,,,26,"2,103",,,49,,"1,095",,"2,853",,"6,100",,,,
Total:,,,,65,"4,200",,,139,,"3,184",,"6,127",,"13,650",,,,
,,,,,,,,,,,,,,,,,,
Legislative District 24,,,,,,,,,,,,,,,,,,
Maricopa,,,,38,"6,381",,,160,,"3,081",,"8,590",,"18,212",,,,
Total:,,,,38,"6,381",,,160,,"3,081",,"8,590",,"18,212",,,,
,,,,,,,,,,,,,,,,,,
Legislative District 25,,,,,,,,,,,,,,,,,,
Maricopa,,,,44,"2,848",,,110,,"4,481",,"5,340",,"12,779",,,,
Yuma,,,,20,"1,301",,,88,,"2,421",,"2,618",,"6,428",,,,
Total:,,,,64,"4,149",,,198,,"6,902",,"7,958",,"19,207",,,,
,,,,,,,,,,,,,,,,,,
Legislative District 26,,,,,,,,,,,,,,,,,,
Maricopa,,,,34,"6,456",,,138,,"2,764",,"8,451",,"17,809",,,,
Total:,,,,34,"6,456",,,138,,"2,764",,"8,451",,"17,809",,,,
,,,,,,,,,,,,,,,,,,
Legislative District 27,,,,,,,,,,,,,,,,,,
Maricopa,,,,51,"6,064",,,265,,"6,693",,"9,981",,"23,003",,,,
Total:,,,,51,"6,064",,,265,,"6,693",,"9,981",,"23,003",,,,
,,,,,,,,,,,,,,,,,,
Legislative District 28,,,,,,,,,,,,,,,,,,
Maricopa,,,,59,"3,533",,,138,,"7,174",,"5,918",,"16,763",,,,
Total:,,,,59,"3,533",,,138,,"7,174",,"5,918",,"16,763",,,,
,,,,,,,,,,,,,,,,,,
Legislative District 29,,,,,,,,,,,,,,,,,,
Maricopa,,,,47,"4,983",,,196,,"6,704",,"8,441",,"20,324",,,,
Total:,,,,47,"4,983",,,196,,"6,704",,"8,441",,"20,324",,,,
,,,,,,,,,,,,,,,,,,
Legislative District 30,,,,,,,,,,,,,,,,,,
La Paz,,,,11,377,,,8,,700,,734,,"1,819",,,,
Maricopa,,,,2,172,,,10,,445,,396,,"1,023",,,,
Mohave,,,,22,"1,892",,,94,,"4,649",,"4,870",,"11,505",,,,
Yavapai,,,,3,6,,,0,,32,,36,,74,,,,
Total:,,,,38,"2,447",,,112,,"5,826",,"6,036",,"14,421",,,,
,,,,,,,,,,,,,,,,,,
State Total:,,,,1703,"166,887",,,"6,613",,"165,468",,"250,047",,"589,015",,,,
