STATE OF ARIZONA REGISTRATION REPORT,,,,,,,,,,,,,,,,,
,,,,,,,,,,,,,,,,,Page: 1
"2021 January Voter Registration - January 02, 2021",,,,,,,,,,,,,,,,,
Compiled and Issued by the Arizona Secretary of State,,,,,,,,,,,,,,,,,
Active,,,,,,,,,,,,,,,,,
County,Precincts,,Date/Period,,,Democratic,,,Libertarian,Republican,Other,,Total,,,,
,,,,,,,,,,,,,,,,,
Apache,44,,P.E. 2020,,,"27,586",,,174,"9,496","11,923",,"49,179",,,,
,44,,G.E. 2020,,,"28,531",,,205,"10,241","12,929",,"51,906",,,,
,44,,Jan-21,,,"29,047",,,214,"10,517","13,341",,"53,119",,,,
,,,,,,,,,,,,,,,,,
Cochise,49,,P.E. 2020,,,"20,416",,,610,"30,680","25,089",,"76,795",,,,
,49,,G.E. 2020,,,"21,521",,,741,"32,944","26,816",,"82,022",,,,
,49,,Jan-21,,,"21,679",,,749,"33,257","27,316",,"83,001",,,,
,,,,,,,,,,,,,,,,,
Coconino,71,,P.E. 2020,,,"35,311",,,728,"21,345","24,584",,"81,968",,,,
,71,,G.E. 2020,,,"38,601",,,896,"23,816","27,356",,"90,669",,,,
,71,,Jan-21,,,"38,823",,,918,"24,306","27,551",,"91,598",,,,
,,,,,,,,,,,,,,,,,
Gila,39,,P.E. 2020,,,"8,693",,,175,"14,425","8,297",,"31,590",,,,
,39,,G.E. 2020,,,"8,965",,,208,"16,073","8,755",,"34,001",,,,
,39,,Jan-21,,,"9,057",,,210,"16,300","8,949",,"34,516",,,,
,,,,,,,,,,,,,,,,,
Graham,22,,P.E. 2020,,,"4,978",,,90,"8,913","4,520",,"18,501",,,,
,22,,G.E. 2020,,,"5,118",,,118,"9,799","4,816",,"19,851",,,,
,22,,Jan-21,,,"5,109",,,117,"9,950","4,826",,"20,002",,,,
,,,,,,,,,,,,,,,,,
Greenlee,8,,P.E. 2020,,,"1,690",,,34,"1,576","1,283",,"4,583",,,,
,8,,G.E. 2020,,,"1,684",,,43,"1,764","1,375",,"4,866",,,,
,8,,Jan-21,,,"1,670",,,45,"1,792","1,405",,"4,912",,,,
,,,,,,,,,,,,,,,,,
La Paz,11,,P.E. 2020,,,"2,186",,,59,"4,490","3,470",,"10,205",,,,
,11,,G.E. 2020,,,"2,303",,,71,"4,916","3,619",,"10,909",,,,
,11,,Jan-21,,,"2,322",,,73,"5,006","3,686",,"11,087",,,,
,,,,,,,,,,,,,,,,,
Maricopa,743,,P.E. 2020,,,"764,774",,,"21,880","849,313","795,062",,"2,431,029",,,,
,743,,G.E. 2020,,,"814,343",,,"25,025","915,227","840,677",,"2,595,272",,,,
,743,,Jan-21,,,"816,745",,,"25,031","921,997","843,954",,"2,607,727",,,,
,,,,,,,,,,,,,,,,,
Mohave,24,,P.E. 2020,,,"20,519",,,759,"64,180","42,064",,"127,522",,,,
,24,,G.E. 2020,,,"21,648",,,921,"70,310","42,301",,"135,180",,,,
,24,,Jan-21,,,"21,681",,,939,"71,899","43,162",,"137,681",,,,
,,,,,,,,,,,,,,,,,
Navajo,14,,P.E. 2020,,,"25,160",,,393,"23,365","18,064",,"66,982",,,,
,14,,G.E. 2020,,,"26,448",,,434,"25,084","18,684",,"70,650",,,,
,14,,Jan-21,,,"26,744",,,452,"25,681","18,991",,"71,868",,,,
,,,,,,,,,,,,,,,,,
Pima,249,,P.E. 2020,,,"230,325",,,"4,243","171,331","178,171",,"584,070",,,,
,249,,G.E. 2020,,,"257,678",,,"5,264","185,946","189,467",,"638,355",,,,
,249,,Jan-21,,,"255,164",,,"5,161","183,879","186,014",,"630,218",,,,
,,,,,,,,,,,,,,,,,
Pinal,102,,P.E. 2020,,,"62,232",,,"1,752","84,379","79,665",,"228,028",,,,
,102,,G.E. 2020,,,"66,672",,,"2,121","94,814","85,267",,"248,874",,,,
,102,,Jan-21,,,"67,206",,,"2,153","96,321","87,034",,"252,714",,,,
,,,,,,,,,,,,,,,,,
Santa Cruz,24,,P.E. 2020,,,"14,498",,,154,"4,768","9,313",,"28,733",,,,
,24,,G.E. 2020,,,"15,122",,,169,"5,090","9,582",,"29,963",,,,
,24,,Jan-21,,,"15,212",,,170,"5,154","9,718",,"30,254",,,,
,,,,,,,,,,,,,,,,,
Yavapai,45,,P.E. 2020,,,"32,909",,,"1,155","72,027","43,812",,"149,903",,,,
,45,,G.E. 2020,,,"35,535",,,"1,400","80,521","47,905",,"165,361",,,,
,45,,Jan-21,,,"35,469",,,"1,418","81,364","48,166",,"166,417",,,,
,,,,,,,,,,,,,,,,,
Yuma,44,,P.E. 2020,,,"32,244",,,624,"29,158","34,096",,"96,122",,,,
,44,,G.E. 2020,,,"34,155",,,769,"32,233","36,116",,"103,273",,,,
,44,,Jan-21,,,"34,477",,,777,"32,905","36,785",,"104,944",,,,
,,,,,,,,,,,,,,,,,
Totals:,"1,489",,P.E. 2020,,,"1,283,521",,,"32,830","1,389,446","1,279,413",,"3,985,210",,,,
,"1,489",,G.E. 2020,,,"1,378,324",,,"38,385","1,508,778","1,355,665",,"4,281,152",,,,
,"1,489",,Jan-21,,,"1,380,405",,,"38,427","1,520,328","1,360,898",,"4,300,058",,,,
,,,,,,,,,,,,,,,,,
Percentages:,,,P.E. 2020,,,32.21,,,0.82,34.87,32.1,,,,,,
,,,G.E. 2020,,,32.2,,,0.9,35.24,31.67,,,,,,
,,,Jan-21,,,32.1,,,0.89,35.36,31.65,,,,,,
,,,,,,,,,,,,,,,,,
Active,,,,,,,,,,,,,,,,,
District,,,,Precincts,Democratic,,,Libertarian,,Republican,,Other,,Total,,,
,,,,,,,,,,,,,,,,,
Congressional District 1,,,,,,,,,,,,,,,,,
Apache,,,,44,"29,047",,,214,,"10,517",,"13,341",,"53,119",,,
Coconino,,,,71,"38,823",,,918,,"24,306",,"27,551",,"91,598",,,
Gila,,,,22,"5,651",,,65,,"3,777",,"3,691",,"13,184",,,
Graham,,,,22,"5,109",,,117,,"9,950",,"4,826",,"20,002",,,
Greenlee,,,,8,"1,670",,,45,,"1,792",,"1,405",,"4,912",,,
Maricopa,,,,3,696,,,10,,88,,615,,"1,409",,,
Mohave,,,,2,292,,,5,,101,,344,,742,,,
Navajo,,,,14,"26,744",,,452,,"25,681",,"18,991",,"71,868",,,
Pima,,,,26,"24,139",,,587,,"32,686",,"23,019",,"80,431",,,
Pinal,,,,60,"40,674",,,998,,"43,929",,"45,717",,"131,318",,,
Yavapai,,,,7,"6,635",,,200,,"8,358",,"7,301",,"22,494",,,
Total:,,,,279,"179,480",,,"3,611",,"161,185",,"146,801",,"491,077",,,
,,,,,,,,,,,,,,,,,
Congressional District 2,,,,,,,,,,,,,,,,,
Cochise,,,,49,"21,679",,,749,,"33,257",,"27,316",,"83,001",,,
Pima,,,,146,"151,226",,,"3,353",,"121,664",,"113,137",,"389,380",,,
Total:,,,,195,"172,905",,,"4,102",,"154,921",,"140,453",,"472,381",,,
,,,,,,,,,,,,,,,,,
Congressional District 3,,,,,,,,,,,,,,,,,
Maricopa,,,,47,"53,033",,,"1,223",,"37,247",,"51,407",,"142,910",,,
Pima,,,,77,"79,799",,,"1,221",,"29,529",,"49,858",,"160,407",,,
Pinal,,,,1,162,,,0,,9,,86,,257,,,
Santa Cruz,,,,24,"15,212",,,170,,"5,154",,"9,718",,"30,254",,,
Yuma,,,,29,"25,667",,,431,,"13,805",,"23,257",,"63,160",,,
Total:,,,,178,"173,873",,,"3,045",,"85,744",,"134,326",,"396,988",,,
,,,,,,,,,,,,,,,,,
Congressional District 4,,,,,,,,,,,,,,,,,
Gila,,,,17,"3,406",,,145,,"12,523",,"5,258",,"21,332",,,
La Paz,,,,11,"2,322",,,73,,"5,006",,"3,686",,"11,087",,,
Maricopa,,,,18,"8,782",,,337,,"20,840",,"12,927",,"42,886",,,
Mohave,,,,22,"21,389",,,934,,"71,798",,"42,818",,"136,939",,,
Pinal,,,,41,"26,370",,,"1,155",,"52,383",,"41,231",,"121,139",,,
Yavapai,,,,38,"28,834",,,"1,218",,"73,006",,"40,865",,"143,923",,,
Yuma,,,,15,"8,810",,,346,,"19,100",,"13,528",,"41,784",,,
Total:,,,,162,"99,913",,,"4,208",,"254,656",,"160,313",,"519,090",,,
,,,,,,,,,,,,,,,,,
Congressional District 5,,,,,,,,,,,,,,,,,
Maricopa,,,,128,"137,161",,,"5,625",,"244,928",,"175,454",,"563,168",,,
Total:,,,,128,"137,161",,,"5,625",,"244,928",,"175,454",,"563,168",,,
,,,,,,,,,,,,,,,,,
Congressional District 6,,,,,,,,,,,,,,,,,
Maricopa,,,,157,"144,204",,,"4,980",,"207,469",,"165,945",,"522,598",,,
Total:,,,,157,"144,204",,,"4,980",,"207,469",,"165,945",,"522,598",,,
,,,,,,,,,,,,,,,,,
Congressional District 7,,,,,,,,,,,,,,,,,
Maricopa,,,,107,"163,433",,,"2,901",,"51,933",,"119,907",,"338,174",,,
Total:,,,,107,"163,433",,,"2,901",,"51,933",,"119,907",,"338,174",,,
,,,,,,,,,,,,,,,,,
Congressional District 8,,,,,,,,,,,,,,,,,
Maricopa,,,,143,"138,461",,,"4,611",,"227,329",,"165,673",,"536,074",,,
Total:,,,,143,"138,461",,,"4,611",,"227,329",,"165,673",,"536,074",,,
,,,,,,,,,,,,,,,,,
Congressional District 9,,,,,,,,,,,,,,,,,
Maricopa,,,,140,"170,975",,,"5,344",,"132,163",,"152,026",,"460,508",,,
Total:,,,,140,"170,975",,,"5,344",,"132,163",,"152,026",,"460,508",,,
,,,,,,,,,,,,,,,,,
Legislative District 1,,,,,,,,,,,,,,,,,
Maricopa,,,,16,"10,471",,,527,,"28,009",,"15,938",,"54,945",,,
Yavapai,,,,35,"22,953",,,"1,043",,"64,256",,"33,761",,"122,013",,,
Total:,,,,51,"33,424",,,"1,570",,"92,265",,"49,699",,"176,958",,,
,,,,,,,,,,,,,,,,,
Legislative District 2,,,,,,,,,,,,,,,,,
Pima,,,,33,"36,049",,,586,,"24,148",,"28,043",,"88,826",,,
Santa Cruz,,,,24,"15,212",,,170,,"5,154",,"9,718",,"30,254",,,
Total:,,,,57,"51,261",,,756,,"29,302",,"37,761",,"119,080",,,
,,,,,,,,,,,,,,,,,
Legislative District 3,,,,,,,,,,,,,,,,,
Pima,,,,41,"56,536",,,829,,"18,444",,"33,303",,"109,112",,,
Total:,,,,41,"56,536",,,829,,"18,444",,"33,303",,"109,112",,,
,,,,,,,,,,,,,,,,,
Legislative District 4,,,,,,,,,,,,,,,,,
Maricopa,,,,18,"12,328",,,362,,"14,322",,"14,230",,"41,242",,,
Pima,,,,17,"8,328",,,106,,"2,876",,"5,216",,"16,526",,,
Pinal,,,,1,162,,,0,,9,,86,,257,,,
Yuma,,,,23,"22,658",,,341,,"10,600",,"19,813",,"53,412",,,
Total:,,,,59,"43,476",,,809,,"27,807",,"39,345",,"111,437",,,
,,,,,,,,,,,,,,,,,
Legislative District 5,,,,,,,,,,,,,,,,,
La Paz,,,,11,"2,322",,,73,,"5,006",,"3,686",,"11,087",,,
Mohave,,,,22,"21,389",,,934,,"71,798",,"42,818",,"136,939",,,
Total:,,,,33,"23,711",,,"1,007",,"76,804",,"46,504",,"148,026",,,
,,,,,,,,,,,,,,,,,
Legislative District 6,,,,,,,,,,,,,,,,,
Coconino,,,,45,"26,099",,,751,,"19,175",,"20,367",,"66,392",,,
Gila,,,,18,"3,453",,,148,,"12,648",,"5,309",,"21,558",,,
Navajo,,,,5,"2,878",,,141,,"11,101",,"4,537",,"18,657",,,
Yavapai,,,,10,"12,516",,,375,,"17,108",,"14,405",,"44,404",,,
Total:,,,,78,"44,946",,,"1,415",,"60,032",,"44,618",,"151,011",,,
,,,,,,,,,,,,,,,,,
Legislative District 7,,,,,,,,,,,,,,,,,
Apache,,,,44,"29,047",,,214,,"10,517",,"13,341",,"53,119",,,
Coconino,,,,26,"12,724",,,167,,"5,131",,"7,184",,"25,206",,,
Gila,,,,3,"1,945",,,7,,230,,965,,"3,147",,,
Graham,,,,2,"1,458",,,7,,185,,634,,"2,284",,,
Mohave,,,,2,292,,,5,,101,,344,,742,,,
Navajo,,,,9,"23,866",,,311,,"14,580",,"14,454",,"53,211",,,
Pinal,,,,1,0,,,0,,0,,0,,0,,,
Total:,,,,87,"69,332",,,711,,"30,744",,"36,922",,"137,709",,,
,,,,,,,,,,,,,,,,,
Legislative District 8,,,,,,,,,,,,,,,,,
Gila,,,,18,"3,659",,,55,,"3,422",,"2,675",,"9,811",,,
Pinal,,,,51,"33,144",,,965,,"41,033",,"39,666",,"114,808",,,
Total:,,,,69,"36,803",,,"1,020",,"44,455",,"42,341",,"124,619",,,
,,,,,,,,,,,,,,,,,
Legislative District 9,,,,,,,,,,,,,,,,,
Pima,,,,57,"60,001",,,"1,216",,"40,502",,"40,194",,"141,913",,,
Total:,,,,57,"60,001",,,"1,216",,"40,502",,"40,194",,"141,913",,,
,,,,,,,,,,,,,,,,,
Legislative District 10,,,,,,,,,,,,,,,,,
Pima,,,,49,"56,667",,,"1,272",,"42,455",,"40,372",,"140,766",,,
Total:,,,,49,"56,667",,,"1,272",,"42,455",,"40,372",,"140,766",,,
,,,,,,,,,,,,,,,,,
Legislative District 11,,,,,,,,,,,,,,,,,
Pima,,,,34,"28,511",,,774,,"39,338",,"27,775",,"96,398",,,
Pinal,,,,27,"20,281",,,633,,"26,004",,"25,358",,"72,276",,,
Total:,,,,61,"48,792",,,"1,407",,"65,342",,"53,133",,"168,674",,,
,,,,,,,,,,,,,,,,,
Legislative District 12,,,,,,,,,,,,,,,,,
Maricopa,,,,37,"44,073",,,"2,043",,"88,579",,"59,348",,"194,043",,,
Pinal,,,,1,347,,,22,,"1,265",,664,,"2,298",,,
Total:,,,,38,"44,420",,,"2,065",,"89,844",,"60,012",,"196,341",,,
,,,,,,,,,,,,,,,,,
Legislative District 13,,,,,,,,,,,,,,,,,
Maricopa,,,,29,"29,061",,,990,,"48,222",,"36,278",,"114,551",,,
Yuma,,,,21,"11,819",,,436,,"22,305",,"16,972",,"51,532",,,
Total:,,,,50,"40,880",,,"1,426",,"70,527",,"53,250",,"166,083",,,
,,,,,,,,,,,,,,,,,
Legislative District 14,,,,,,,,,,,,,,,,,
Cochise,,,,49,"21,679",,,749,,"33,257",,"27,316",,"83,001",,,
Graham,,,,20,"3,651",,,110,,"9,765",,"4,192",,"17,718",,,
Greenlee,,,,8,"1,670",,,45,,"1,792",,"1,405",,"4,912",,,
Pima,,,,18,"9,072",,,378,,"16,116",,"11,111",,"36,677",,,
Total:,,,,95,"36,072",,,"1,282",,"60,930",,"44,024",,"142,308",,,
,,,,,,,,,,,,,,,,,
Legislative District 15,,,,,,,,,,,,,,,,,
Maricopa,,,,42,"41,662",,,"1,719",,"69,115",,"51,442",,"163,938",,,
Total:,,,,42,"41,662",,,"1,719",,"69,115",,"51,442",,"163,938",,,
,,,,,,,,,,,,,,,,,
Legislative District 16,,,,,,,,,,,,,,,,,
Maricopa,,,,25,"24,658",,,"1,137",,"45,843",,"34,800",,"106,438",,,
Pinal,,,,21,"13,272",,,533,,"28,010",,"21,260",,"63,075",,,
Total:,,,,46,"37,930",,,"1,670",,"73,853",,"56,060",,"169,513",,,
,,,,,,,,,,,,,,,,,
Legislative District 17,,,,,,,,,,,,,,,,,
Maricopa,,,,40,"48,903",,,"1,519",,"59,604",,"53,253",,"163,279",,,
Total:,,,,40,"48,903",,,"1,519",,"59,604",,"53,253",,"163,279",,,
,,,,,,,,,,,,,,,,,
Legislative District 18,,,,,,,,,,,,,,,,,
Maricopa,,,,41,"56,464",,,"1,683",,"52,169",,"51,413",,"161,729",,,
Total:,,,,41,"56,464",,,"1,683",,"52,169",,"51,413",,"161,729",,,
,,,,,,,,,,,,,,,,,
Legislative District 19,,,,,,,,,,,,,,,,,
Maricopa,,,,29,"47,690",,,853,,"18,166",,"39,312",,"106,021",,,
Total:,,,,29,"47,690",,,853,,"18,166",,"39,312",,"106,021",,,
,,,,,,,,,,,,,,,,,
Legislative District 20,,,,,,,,,,,,,,,,,
Maricopa,,,,47,"42,553",,,"1,582",,"48,510",,"46,732",,"139,377",,,
Total:,,,,47,"42,553",,,"1,582",,"48,510",,"46,732",,"139,377",,,
,,,,,,,,,,,,,,,,,
Legislative District 21,,,,,,,,,,,,,,,,,
Maricopa,,,,42,"42,115",,,"1,263",,"56,550",,"47,676",,"147,604",,,
Total:,,,,42,"42,115",,,"1,263",,"56,550",,"47,676",,"147,604",,,
,,,,,,,,,,,,,,,,,
Legislative District 22,,,,,,,,,,,,,,,,,
Maricopa,,,,48,"42,976",,,"1,317",,"89,225",,"55,030",,"188,548",,,
Total:,,,,48,"42,976",,,"1,317",,"89,225",,"55,030",,"188,548",,,
,,,,,,,,,,,,,,,,,
Legislative District 23,,,,,,,,,,,,,,,,,
Maricopa,,,,57,"45,807",,,"1,373",,"81,634",,"54,976",,"183,790",,,
Total:,,,,57,"45,807",,,"1,373",,"81,634",,"54,976",,"183,790",,,
,,,,,,,,,,,,,,,,,
Legislative District 24,,,,,,,,,,,,,,,,,
Maricopa,,,,40,"58,679",,,"1,527",,"26,476",,"42,276",,"128,958",,,
Total:,,,,40,"58,679",,,"1,527",,"26,476",,"42,276",,"128,958",,,
,,,,,,,,,,,,,,,,,
Legislative District 25,,,,,,,,,,,,,,,,,
Maricopa,,,,42,"37,154",,,"1,551",,"66,368",,"45,793",,"150,866",,,
Total:,,,,42,"37,154",,,"1,551",,"66,368",,"45,793",,"150,866",,,
,,,,,,,,,,,,,,,,,
Legislative District 26,,,,,,,,,,,,,,,,,
Maricopa,,,,34,"44,056",,,"1,485",,"23,833",,"41,217",,"110,591",,,
Total:,,,,34,"44,056",,,"1,485",,"23,833",,"41,217",,"110,591",,,
,,,,,,,,,,,,,,,,,
Legislative District 27,,,,,,,,,,,,,,,,,
Maricopa,,,,37,"57,414",,,920,,"16,567",,"40,166",,"115,067",,,
Total:,,,,37,"57,414",,,920,,"16,567",,"40,166",,"115,067",,,
,,,,,,,,,,,,,,,,,
Legislative District 28,,,,,,,,,,,,,,,,,
Maricopa,,,,57,"50,281",,,"1,551",,"53,110",,"45,567",,"150,509",,,
Total:,,,,57,"50,281",,,"1,551",,"53,110",,"45,567",,"150,509",,,
,,,,,,,,,,,,,,,,,
Legislative District 29,,,,,,,,,,,,,,,,,
Maricopa,,,,33,"41,609",,,827,,"17,571",,"35,474",,"95,481",,,
Total:,,,,33,"41,609",,,827,,"17,571",,"35,474",,"95,481",,,
,,,,,,,,,,,,,,,,,
Legislative District 30,,,,,,,,,,,,,,,,,
Maricopa,,,,29,"38,791",,,802,,"18,124",,"33,033",,"90,750",,,
Total:,,,,29,"38,791",,,802,,"18,124",,"33,033",,"90,750",,,
,,,,,,,,,,,,,,,,,
State Total:,,,,1489,"1,380,405",,,"38,427",,"1,520,328",,"1,360,898",,"4,300,058",,,
Inactive,,,,,,,,,,,,,,,,,
County,Precincts,,Date/Period,,,Democratic,,,Libertarian,Republican,Other,,Total,,,,
,,,,,,,,,,,,,,,,,
Apache,44,,P.E. 2020,,,"2,400",,,17,971,"1,433",,"4,821",,,,
,44,,G.E. 2020,,,"1,890",,,12,778,"1,206",,"3,886",,,,
,44,,Jan-21,,,"1,739",,,10,733,"1,123",,"3,605",,,,
,,,,,,,,,,,,,,,,,
Cochise,49,,P.E. 2020,,,"3,220",,,114,"4,068","6,273",,"13,675",,,,
,49,,G.E. 2020,,,"2,774",,,98,"3,702","5,687",,"12,261",,,,
,49,,Jan-21,,,"2,677",,,94,"3,583","5,497",,"11,851",,,,
,,,,,,,,,,,,,,,,,
Coconino,71,,P.E. 2020,,,"5,775",,,226,"3,752","7,638",,"17,391",,,,
,71,,G.E. 2020,,,"4,617",,,186,"3,037","6,227",,"14,067",,,,
,71,,Jan-21,,,"2,978",,,108,"1,752","3,664",,"8,502",,,,
,,,,,,,,,,,,,,,,,
Gila,39,,P.E. 2020,,,"1,084",,,33,"1,561","1,629",,"4,307",,,,
,39,,G.E. 2020,,,"1,007",,,22,"1,244","1,532",,"3,805",,,,
,39,,Jan-21,,,921,,,22,"1,115","1,422",,"3,480",,,,
,,,,,,,,,,,,,,,,,
Graham,22,,P.E. 2020,,,850,,,22,"1,207","1,300",,"3,379",,,,
,22,,G.E. 2020,,,742,,,15,911,"1,140",,"2,808",,,,
,22,,Jan-21,,,702,,,16,859,"1,128",,"2,705",,,,
,,,,,,,,,,,,,,,,,
Greenlee,8,,P.E. 2020,,,129,,,1,157,225,,512,,,,
,8,,G.E. 2020,,,107,,,0,140,208,,455,,,,
,8,,Jan-21,,,110,,,1,120,196,,427,,,,
,,,,,,,,,,,,,,,,,
La Paz,11,,P.E. 2020,,,674,,,12,834,"1,222",,"2,742",,,,
,11,,G.E. 2020,,,629,,,13,827,"1,175",,"2,644",,,,
,11,,Jan-21,,,617,,,13,819,"1,160",,"2,609",,,,
,,,,,,,,,,,,,,,,,
Maricopa,743,,P.E. 2020,,,"86,456",,,"3,224","75,443","118,564",,"283,687",,,,
,743,,G.E. 2020,,,"77,234",,,"2,899","69,749","117,886",,"267,768",,,,
,743,,Jan-21,,,"77,336",,,"2,939","68,413","124,700",,"273,388",,,,
,,,,,,,,,,,,,,,,,
Mohave,24,,P.E. 2020,,,"3,614",,,152,"6,262","8,697",,"18,725",,,,
,24,,G.E. 2020,,,"3,366",,,154,"7,373","9,831",,"20,724",,,,
,24,,Jan-21,,,"3,362",,,146,"7,180","9,529",,"20,217",,,,
,,,,,,,,,,,,,,,,,
Navajo,14,,P.E. 2020,,,"3,302",,,89,"3,173","3,653",,"10,217",,,,
,14,,G.E. 2020,,,"3,200",,,97,"3,496","3,982",,"10,775",,,,
,14,,Jan-21,,,"3,083",,,93,"3,335","3,873",,"10,384",,,,
,,,,,,,,,,,,,,,,,
Pima,249,,P.E. 2020,,,"25,559",,,809,"17,905","32,337",,"76,610",,,,
,249,,G.E. 2020,,,"19,122",,,608,"13,585","25,514",,"58,829",,,,
,249,,Jan-21,,,"13,578",,,412,"9,743","18,390",,"42,123",,,,
,,,,,,,,,,,,,,,,,
Pinal,102,,P.E. 2020,,,"3,629",,,136,"4,443","7,612",,"15,820",,,,
,102,,G.E. 2020,,,"3,248",,,115,"4,068","6,894",,"14,325",,,,
,102,,Jan-21,,,"3,043",,,107,"3,794","6,547",,"13,491",,,,
,,,,,,,,,,,,,,,,,
Santa Cruz,24,,P.E. 2020,,,502,,,4,99,366,,971,,,,
,24,,G.E. 2020,,,472,,,6,125,369,,972,,,,
,24,,Jan-21,,,444,,,5,117,355,,921,,,,
,,,,,,,,,,,,,,,,,
Yavapai,45,,P.E. 2020,,,"3,947",,,253,"7,214","8,584",,"19,998",,,,
,45,,G.E. 2020,,,"3,152",,,190,"5,567","6,761",,"15,670",,,,
,45,,Jan-21,,,"3,302",,,204,"5,752","7,147",,"16,405",,,,
,,,,,,,,,,,,,,,,,
Yuma,44,,P.E. 2020,,,"7,732",,,224,"6,666","12,700",,"27,322",,,,
,44,,G.E. 2020,,,"6,893",,,211,"6,222","11,853",,"25,179",,,,
,44,,Jan-21,,,"6,676",,,198,"6,095","11,685",,"24,654",,,,
,,,,,,,,,,,,,,,,,
Totals:,"1,489",,P.E. 2020,,,"148,873",,,"5,316","133,755","212,233",,"500,177",,,,
,"1,489",,G.E. 2020,,,"128,453",,,"4,626","120,824","200,265",,"454,168",,,,
,"1,489",,Jan-21,,,"120,568",,,"4,368","113,410","196,416",,"434,762",,,,
,,,,,,,,,,,,,,,,,
Percentages:,,,P.E. 2020,,,29.76,,,1.06,26.74,42.43,,,,,,
,,,G.E. 2020,,,28.28,,,1.02,26.6,44.09,,,,,,
,,,Jan-21,,,27.73,,,1,26.09,45.18,,,,,,
,,,,,,,,,,,,,,,,,
Inactive,,,,,,,,,,,,,,,,,
District,,,,Precincts,Democratic,,,Libertarian,,Republican,,Other,,Total,,,
,,,,,,,,,,,,,,,,,
Congressional District 1,,,,,,,,,,,,,,,,,
Apache,,,,44,"1,739",,,10,,733,,"1,123",,"3,605",,,
Coconino,,,,71,"2,978",,,108,,"1,752",,"3,664",,"8,502",,,
Gila,,,,22,621,,,2,,290,,703,,"1,616",,,
Graham,,,,22,702,,,16,,859,,"1,128",,"2,705",,,
Greenlee,,,,8,110,,,1,,120,,196,,427,,,
Maricopa,,,,3,61,,,0,,8,,53,,122,,,
Mohave,,,,2,15,,,0,,15,,31,,61,,,
Navajo,,,,14,"3,083",,,93,,"3,335",,"3,873",,"10,384",,,
Pima,,,,26,937,,,32,,"1,380",,"1,659",,"4,008",,,
Pinal,,,,60,"1,966",,,47,,"1,965",,"3,629",,"7,607",,,
Yavapai,,,,7,626,,,20,,599,,"1,074",,"2,319",,,
Total:,,,,279,"12,838",,,329,,"11,056",,"17,133",,"41,356",,,
,,,,,,,,,,,,,,,,,
Congressional District 2,,,,,,,,,,,,,,,,,
Cochise,,,,49,"2,677",,,94,,"3,583",,"5,497",,"11,851",,,
Pima,,,,146,"7,937",,,279,,"6,342",,"11,429",,"25,987",,,
Total:,,,,195,"10,614",,,373,,"9,925",,"16,926",,"37,838",,,
,,,,,,,,,,,,,,,,,
Congressional District 3,,,,,,,,,,,,,,,,,
Maricopa,,,,47,"4,755",,,143,,"3,346",,"8,078",,"16,322",,,
Pima,,,,77,"4,704",,,101,,"2,021",,"5,302",,"12,128",,,
Pinal,,,,1,8,,,0,,2,,6,,16,,,
Santa Cruz,,,,24,444,,,5,,117,,355,,921,,,
Yuma,,,,29,"4,380",,,112,,"2,600",,"6,602",,"13,694",,,
Total:,,,,178,"14,291",,,361,,"8,086",,"20,343",,"43,081",,,
,,,,,,,,,,,,,,,,,
Congressional District 4,,,,,,,,,,,,,,,,,
Gila,,,,17,300,,,20,,825,,719,,"1,864",,,
La Paz,,,,11,617,,,13,,819,,"1,160",,"2,609",,,
Maricopa,,,,18,557,,,19,,"1,070",,"1,186",,"2,832",,,
Mohave,,,,22,"3,347",,,146,,"7,165",,"9,498",,"20,156",,,
Pinal,,,,41,"1,069",,,60,,"1,827",,"2,912",,"5,868",,,
Yavapai,,,,38,"2,676",,,184,,"5,153",,"6,073",,"14,086",,,
Yuma,,,,15,"2,296",,,86,,"3,495",,"5,083",,"10,960",,,
Total:,,,,162,"10,862",,,528,,"20,354",,"26,631",,"58,375",,,
,,,,,,,,,,,,,,,,,
Congressional District 5,,,,,,,,,,,,,,,,,
Maricopa,,,,128,"9,678",,,509,,"14,915",,"18,224",,"43,326",,,
Total:,,,,128,"9,678",,,509,,"14,915",,"18,224",,"43,326",,,
,,,,,,,,,,,,,,,,,
Congressional District 6,,,,,,,,,,,,,,,,,
Maricopa,,,,157,"12,486",,,564,,"14,797",,"23,292",,"51,139",,,
Total:,,,,157,"12,486",,,564,,"14,797",,"23,292",,"51,139",,,
,,,,,,,,,,,,,,,,,
Congressional District 7,,,,,,,,,,,,,,,,,
Maricopa,,,,107,"18,027",,,441,,"6,523",,"23,269",,"48,260",,,
Total:,,,,107,"18,027",,,441,,"6,523",,"23,269",,"48,260",,,
,,,,,,,,,,,,,,,,,
Congressional District 8,,,,,,,,,,,,,,,,,
Maricopa,,,,143,"11,127",,,414,,"14,261",,"20,692",,"46,494",,,
Total:,,,,143,"11,127",,,414,,"14,261",,"20,692",,"46,494",,,
,,,,,,,,,,,,,,,,,
Congressional District 9,,,,,,,,,,,,,,,,,
Maricopa,,,,140,"20,645",,,849,,"13,493",,"29,906",,"64,893",,,
Total:,,,,140,"20,645",,,849,,"13,493",,"29,906",,"64,893",,,
,,,,,,,,,,,,,,,,,
Legislative District 1,,,,,,,,,,,,,,,,,
Maricopa,,,,16,708,,,33,,"1,488",,"1,521",,"3,750",,,
Yavapai,,,,35,"2,161",,,156,,"4,487",,"4,993",,"11,797",,,
Total:,,,,51,"2,869",,,189,,"5,975",,"6,514",,"15,547",,,
,,,,,,,,,,,,,,,,,
Legislative District 2,,,,,,,,,,,,,,,,,
Pima,,,,33,"1,940",,,47,,"1,436",,"2,750",,"6,173",,,
Santa Cruz,,,,24,444,,,5,,117,,355,,921,,,
Total:,,,,57,"2,384",,,52,,"1,553",,"3,105",,"7,094",,,
,,,,,,,,,,,,,,,,,
Legislative District 3,,,,,,,,,,,,,,,,,
Pima,,,,41,"3,573",,,78,,"1,463",,"3,864",,"8,978",,,
Total:,,,,41,"3,573",,,78,,"1,463",,"3,864",,"8,978",,,
,,,,,,,,,,,,,,,,,
Legislative District 4,,,,,,,,,,,,,,,,,
Maricopa,,,,18,"1,045",,,37,,"1,079",,"2,148",,"4,309",,,
Pima,,,,17,439,,,8,,177,,587,,"1,211",,,
Pinal,,,,1,8,,,0,,2,,6,,16,,,
Yuma,,,,23,"3,820",,,84,,"1,982",,"5,488",,"11,374",,,
Total:,,,,59,"5,312",,,129,,"3,240",,"8,229",,"16,910",,,
,,,,,,,,,,,,,,,,,
Legislative District 5,,,,,,,,,,,,,,,,,
La Paz,,,,11,617,,,13,,819,,"1,160",,"2,609",,,
Mohave,,,,22,"3,347",,,146,,"7,165",,"9,498",,"20,156",,,
Total:,,,,33,"3,964",,,159,,"7,984",,"10,658",,"22,765",,,
,,,,,,,,,,,,,,,,,
Legislative District 6,,,,,,,,,,,,,,,,,
Coconino,,,,45,"2,567",,,101,,"1,491",,"3,155",,"7,314",,,
Gila,,,,18,303,,,20,,834,,727,,"1,884",,,
Navajo,,,,5,487,,,31,,"1,324",,"1,058",,"2,900",,,
Yavapai,,,,10,"1,141",,,48,,"1,265",,"2,154",,"4,608",,,
Total:,,,,78,"4,498",,,200,,"4,914",,"7,094",,"16,706",,,
,,,,,,,,,,,,,,,,,
Legislative District 7,,,,,,,,,,,,,,,,,
Apache,,,,44,"1,739",,,10,,733,,"1,123",,"3,605",,,
Coconino,,,,26,411,,,7,,261,,509,,"1,188",,,
Gila,,,,3,341,,,0,,33,,236,,610,,,
Graham,,,,2,261,,,1,,42,,167,,471,,,
Mohave,,,,2,15,,,0,,15,,31,,61,,,
Navajo,,,,9,"2,596",,,62,,"2,011",,"2,815",,"7,484",,,
Pinal,,,,1,0,,,0,,0,,0,,0,,,
Total:,,,,87,"5,363",,,80,,"3,095",,"4,881",,"13,419",,,
,,,,,,,,,,,,,,,,,
Legislative District 8,,,,,,,,,,,,,,,,,
Gila,,,,18,277,,,2,,248,,459,,986,,,
Pinal,,,,51,"1,533",,,41,,"1,547",,"3,030",,"6,151",,,
Total:,,,,69,"1,810",,,43,,"1,795",,"3,489",,"7,137",,,
,,,,,,,,,,,,,,,,,
Legislative District 9,,,,,,,,,,,,,,,,,
Pima,,,,57,"3,283",,,102,,"2,226",,"4,410",,"10,021",,,
Total:,,,,57,"3,283",,,102,,"2,226",,"4,410",,"10,021",,,
,,,,,,,,,,,,,,,,,
Legislative District 10,,,,,,,,,,,,,,,,,
Pima,,,,49,"2,924",,,95,,"2,108",,"4,039",,"9,166",,,
Total:,,,,49,"2,924",,,95,,"2,108",,"4,039",,"9,166",,,
,,,,,,,,,,,,,,,,,
Legislative District 11,,,,,,,,,,,,,,,,,
Pima,,,,34,"1,083",,,47,,"1,621",,"1,955",,"4,706",,,
Pinal,,,,27,946,,,35,,"1,228",,"1,924",,"4,133",,,
Total:,,,,61,"2,029",,,82,,"2,849",,"3,879",,"8,839",,,
,,,,,,,,,,,,,,,,,
Legislative District 12,,,,,,,,,,,,,,,,,
Maricopa,,,,37,"2,610",,,181,,"4,805",,"5,067",,"12,663",,,
Pinal,,,,1,6,,,1,,34,,24,,65,,,
Total:,,,,38,"2,616",,,182,,"4,839",,"5,091",,"12,728",,,
,,,,,,,,,,,,,,,,,
Legislative District 13,,,,,,,,,,,,,,,,,
Maricopa,,,,29,"2,076",,,85,,"3,028",,"3,998",,"9,187",,,
Yuma,,,,21,"2,856",,,114,,"4,113",,"6,197",,"13,280",,,
Total:,,,,50,"4,932",,,199,,"7,141",,"10,195",,"22,467",,,
,,,,,,,,,,,,,,,,,
Legislative District 14,,,,,,,,,,,,,,,,,
Cochise,,,,49,"2,677",,,94,,"3,583",,"5,497",,"11,851",,,
Graham,,,,20,441,,,15,,817,,961,,"2,234",,,
Greenlee,,,,8,110,,,1,,120,,196,,427,,,
Pima,,,,18,336,,,35,,712,,785,,"1,868",,,
Total:,,,,95,"3,564",,,145,,"5,232",,"7,439",,"16,380",,,
,,,,,,,,,,,,,,,,,
Legislative District 15,,,,,,,,,,,,,,,,,
Maricopa,,,,42,"3,133",,,159,,"4,616",,"6,492",,"14,400",,,
Total:,,,,42,"3,133",,,159,,"4,616",,"6,492",,"14,400",,,
,,,,,,,,,,,,,,,,,
Legislative District 16,,,,,,,,,,,,,,,,,
Maricopa,,,,25,"1,789",,,77,,"2,567",,"3,436",,"7,869",,,
Pinal,,,,21,550,,,30,,983,,"1,563",,"3,126",,,
Total:,,,,46,"2,339",,,107,,"3,550",,"4,999",,"10,995",,,
,,,,,,,,,,,,,,,,,
Legislative District 17,,,,,,,,,,,,,,,,,
Maricopa,,,,40,"3,633",,,164,,"4,071",,"6,245",,"14,113",,,
Total:,,,,40,"3,633",,,164,,"4,071",,"6,245",,"14,113",,,
,,,,,,,,,,,,,,,,,
Legislative District 18,,,,,,,,,,,,,,,,,
Maricopa,,,,41,"4,571",,,185,,"3,729",,"6,489",,"14,974",,,
Total:,,,,41,"4,571",,,185,,"3,729",,"6,489",,"14,974",,,
,,,,,,,,,,,,,,,,,
Legislative District 19,,,,,,,,,,,,,,,,,
Maricopa,,,,29,"4,903",,,122,,"2,246",,"7,427",,"14,698",,,
Total:,,,,29,"4,903",,,122,,"2,246",,"7,427",,"14,698",,,
,,,,,,,,,,,,,,,,,
Legislative District 20,,,,,,,,,,,,,,,,,
Maricopa,,,,47,"4,360",,,176,,"3,670",,"8,116",,"16,322",,,
Total:,,,,47,"4,360",,,176,,"3,670",,"8,116",,"16,322",,,
,,,,,,,,,,,,,,,,,
Legislative District 21,,,,,,,,,,,,,,,,,
Maricopa,,,,42,"3,641",,,115,,"3,899",,"6,363",,"14,018",,,
Total:,,,,42,"3,641",,,115,,"3,899",,"6,363",,"14,018",,,
,,,,,,,,,,,,,,,,,
Legislative District 22,,,,,,,,,,,,,,,,,
Maricopa,,,,48,"2,832",,,122,,"4,791",,"5,533",,"13,278",,,
Total:,,,,48,"2,832",,,122,,"4,791",,"5,533",,"13,278",,,
,,,,,,,,,,,,,,,,,
Legislative District 23,,,,,,,,,,,,,,,,,
Maricopa,,,,57,"3,685",,,167,,"5,627",,"6,861",,"16,340",,,
Total:,,,,57,"3,685",,,167,,"5,627",,"6,861",,"16,340",,,
,,,,,,,,,,,,,,,,,
Legislative District 24,,,,,,,,,,,,,,,,,
Maricopa,,,,40,"7,681",,,250,,"3,532",,"9,553",,"21,016",,,
Total:,,,,40,"7,681",,,250,,"3,532",,"9,553",,"21,016",,,
,,,,,,,,,,,,,,,,,
Legislative District 25,,,,,,,,,,,,,,,,,
Maricopa,,,,42,"3,726",,,189,,"5,123",,"7,302",,"16,340",,,
Total:,,,,42,"3,726",,,189,,"5,123",,"7,302",,"16,340",,,
,,,,,,,,,,,,,,,,,
Legislative District 26,,,,,,,,,,,,,,,,,
Maricopa,,,,34,"7,962",,,340,,"4,277",,"11,311",,"23,890",,,
Total:,,,,34,"7,962",,,340,,"4,277",,"11,311",,"23,890",,,
,,,,,,,,,,,,,,,,,
Legislative District 27,,,,,,,,,,,,,,,,,
Maricopa,,,,37,"5,515",,,109,,"1,805",,"6,539",,"13,968",,,
Total:,,,,37,"5,515",,,109,,"1,805",,"6,539",,"13,968",,,
,,,,,,,,,,,,,,,,,
Legislative District 28,,,,,,,,,,,,,,,,,
Maricopa,,,,57,"4,196",,,193,,"3,798",,"6,505",,"14,692",,,
Total:,,,,57,"4,196",,,193,,"3,798",,"6,505",,"14,692",,,
,,,,,,,,,,,,,,,,,
Legislative District 29,,,,,,,,,,,,,,,,,
Maricopa,,,,33,"4,215",,,122,,"1,927",,"6,052",,"12,316",,,
Total:,,,,33,"4,215",,,122,,"1,927",,"6,052",,"12,316",,,
,,,,,,,,,,,,,,,,,
Legislative District 30,,,,,,,,,,,,,,,,,
Maricopa,,,,29,"5,055",,,113,,"2,335",,"7,742",,"15,245",,,
Total:,,,,29,"5,055",,,113,,"2,335",,"7,742",,"15,245",,,
,,,,,,,,,,,,,,,,,
State Total:,,,,1489,"120,568",,,"4,368",,"113,410",,"196,416",,"434,762",,,
